[17:04:35] [main/INFO]: [OptiFine] (Reflector) Field not found: World.tileEntitiesToBeRemoved
[17:04:36] [main/INFO]: [OptiFine] (Reflector) Class not present: net.minecraftforge.eventbus.api.Event$Result
[17:04:36] [main/INFO]: [OptiFine] (Reflector) Method not present: net.minecraftforge.common.extensions.IForgeBlockState.hasTileEntity
[17:04:36] [main/INFO]: [OptiFine] (Reflector) Class not present: net.minecraftforge.common.extensions.IForgeEntity
[17:04:36] [main/INFO]: [OptiFine] (Reflector) Class not present: net.minecraftforge.fml.CrashReportExtender
[17:04:38] [main/INFO]: [OptiFine] (Reflector) Method not present: net.minecraft.tags.ItemTags.createOptional
[17:04:43] [main/INFO]: [OptiFine] (Reflector) Class not present: net.minecraftforge.client.ForgeHooksClient
[17:04:43] [main/ERROR]: Can't find the resource index file: assets\indexes\1.16.json
[17:04:43] [main/INFO]: Environment: authHost='https://authserver.mojang.com', accountsHost='https://api.mojang.com', sessionHost='https://sessionserver.mojang.com', servicesHost='https://api.minecraftservices.com', name='PROD'
[17:04:44] [main/INFO]: Setting user: fgst_744
[17:04:45] [main/INFO]: [OptiFine] (Reflector) Class not present: net.minecraftforge.client.settings.KeyConflictContext
[17:04:45] [main/INFO]: [OptiFine] (Reflector) Class not present: net.minecraftforge.client.settings.KeyModifier
[17:04:45] [main/INFO]: Backend library: LWJGL version 3.2.2 build 10
[17:04:46] [main/INFO]: [OptiFine] (Reflector) Method not present: net.minecraftforge.fml.loading.progress.EarlyProgressVisualization.handOffWindow
[17:04:46] [main/INFO]: [STDERR]: [LWJGL] [ThreadLocalUtil] Unsupported JNI version detected, this may result in a crash. Please inform LWJGL developers.
[17:04:47] [main/INFO]: [OptiFine] (Reflector) Class not present: optifine.OptiFineResourceLocator
[17:04:47] [main/ERROR]: Couldn't set icon
java.io.FileNotFoundException: icons/icon_16x16.png
	at net.minecraft.resources.VanillaPack.getResourceStream(VanillaPack.java:117) ~[client/:?]
	at net.minecraft.client.Minecraft.<init>(Minecraft.java:356) [client/:?]
	at net.minecraft.client.main.Main.main(Main.java:154) [client/:?]
	at Start.main(Start.java:11) [client/:?]
[17:04:47] [main/INFO]: [OptiFine] 
[17:04:47] [main/INFO]: [OptiFine] OptiFine_1.16.5_HD_U_G8
[17:04:47] [main/INFO]: [OptiFine] Build: null
[17:04:47] [main/INFO]: [OptiFine] OS: Windows 11 (amd64) version 10.0
[17:04:47] [main/INFO]: [OptiFine] Java: 21.0.10, Amazon.com Inc.
[17:04:47] [main/INFO]: [OptiFine] VM: OpenJDK 64-Bit Server VM (mixed mode, sharing), Amazon.com Inc.
[17:04:47] [main/INFO]: [OptiFine] LWJGL: 3.3.0 Win32 WGL EGL OSMesa VisualC DLL
[17:04:47] [main/INFO]: [OptiFine] OpenGL: Intel(R) UHD Graphics, version 4.6.0 - Build 27.20.100.9268, Intel
[17:04:47] [main/INFO]: [OptiFine] OpenGL Version: 4.6.0
[17:04:47] [main/INFO]: [OptiFine] OpenGL Fancy fog: Not available (GL_NV_fog_distance)
[17:04:47] [main/INFO]: [OptiFine] Maximum texture size: 8192x8192
[17:04:47] [VersionCheck/INFO]: [OptiFine] Checking for new version
[17:04:47] [main/INFO]: [Shaders] OpenGL Version: 4.6.0 - Build 27.20.100.9268
[17:04:47] [main/INFO]: [Shaders] Vendor:  Intel
[17:04:47] [main/INFO]: [Shaders] Renderer: Intel(R) UHD Graphics
[17:04:47] [main/INFO]: [Shaders] Capabilities:  2.0  2.1  3.0  3.2  4.0 
[17:04:47] [main/INFO]: [Shaders] GL_MAX_DRAW_BUFFERS: 8
[17:04:47] [main/INFO]: [Shaders] GL_MAX_COLOR_ATTACHMENTS_EXT: 8
[17:04:47] [main/INFO]: [Shaders] GL_MAX_TEXTURE_IMAGE_UNITS: 32
[17:04:47] [main/INFO]: [Shaders] Load shaders configuration.
[17:04:47] [main/INFO]: [Shaders] Save shaders configuration.
[17:04:47] [main/INFO]: [Shaders] No shaderpack loaded.
[17:04:47] [main/INFO]: [OptiFine] (Reflector) Class not present: net.minecraftforge.fml.common.Loader
[17:04:47] [main/WARN]: [OptiFine] java.lang.ClassNotFoundException: sun.misc.SharedSecrets
[17:04:47] [main/WARN]: [OptiFine] java.lang.ClassNotFoundException: jdk.internal.misc.SharedSecrets
[17:04:47] [main/WARN]: [OptiFine] java.lang.ClassNotFoundException: sun.misc.VM
[17:04:47] [main/WARN]: [OptiFine] java.lang.reflect.InaccessibleObjectException: Unable to make public static long jdk.internal.misc.VM.maxDirectMemory() accessible: module java.base does not "exports jdk.internal.misc" to unnamed module @33723e30
[17:04:47] [VersionCheck/INFO]: [OptiFine] Version found: G7
[17:04:47] [main/INFO]: [OptiFine] (Reflector) Class not present: net.minecraftforge.client.ItemModelMesherForge
[17:04:48] [main/INFO]: [OptiFine] (Reflector) Class not present: net.minecraftforge.client.model.pipeline.ForgeBlockModelRenderer
[17:04:48] [main/INFO]: Narrator library for x64 successfully loaded
[17:04:50] [main/INFO]: Loaded Platform ViaVersion
[17:04:50] [main/ERROR]: An error occurred while loading Platform ViaBackwards:
[17:04:50] [main/INFO]: [STDERR]: java.lang.RuntimeException: Failed to load config
[17:04:50] [main/INFO]: [STDERR]: 	at com.viaversion.viaversion.util.Config.loadConfig(Config.java:117)
[17:04:50] [main/INFO]: [STDERR]: 	at com.viaversion.viaversion.util.Config.loadConfig(Config.java:92)
[17:04:50] [main/INFO]: [STDERR]: 	at com.viaversion.viaversion.util.Config.loadConfig(Config.java:86)
[17:04:50] [main/INFO]: [STDERR]: 	at com.viaversion.viaversion.util.Config.reload(Config.java:210)
[17:04:50] [main/INFO]: [STDERR]: 	at com.viaversion.viabackwards.ViaBackwardsConfig.reload(ViaBackwardsConfig.java:56)
[17:04:50] [main/INFO]: [STDERR]: 	at com.viaversion.viabackwards.api.ViaBackwardsPlatform.init(ViaBackwardsPlatform.java:88)
[17:04:50] [main/INFO]: [STDERR]: 	at via.platform.ViaBackwardsPlatformImpl.<init>(ViaBackwardsPlatformImpl.java:17)
[17:04:50] [main/INFO]: [STDERR]: 	at via.ViaLoadingBase.lambda$static$4(ViaLoadingBase.java:33)
[17:04:50] [main/INFO]: [STDERR]: 	at via.model.Platform.build(Platform.java:45)
[17:04:50] [main/INFO]: [STDERR]: 	at via.ViaLoadingBase.lambda$initPlatform$5(ViaLoadingBase.java:95)
[17:04:50] [main/INFO]: [STDERR]: 	at com.viaversion.viaversion.ViaManagerImpl.init(ViaManagerImpl.java:115)
[17:04:50] [main/INFO]: [STDERR]: 	at via.ViaLoadingBase.initPlatform(ViaLoadingBase.java:98)
[17:04:50] [main/INFO]: [STDERR]: 	at via.ViaLoadingBase.<init>(ViaLoadingBase.java:57)
[17:04:50] [main/INFO]: [STDERR]: 	at via.ViaLoadingBase$ViaLoadingBaseBuilder.build(ViaLoadingBase.java:221)
[17:04:50] [main/INFO]: [STDERR]: 	at via.ViaMCP.<init>(ViaMCP.java:27)
[17:04:50] [main/INFO]: [STDERR]: 	at im.laura.Laura.clientLoad(Laura.java:160)
[17:04:50] [main/INFO]: [STDERR]: 	at im.laura.Laura.<init>(Laura.java:147)
[17:04:50] [main/INFO]: [STDERR]: 	at net.minecraft.client.Minecraft.<init>(Minecraft.java:430)
[17:04:50] [main/INFO]: [STDERR]: 	at net.minecraft.client.main.Main.main(Main.java:154)
[17:04:50] [main/INFO]: [STDERR]: 	at Start.main(Start.java:11)
[17:04:50] [main/INFO]: [STDERR]: Caused by: java.io.FileNotFoundException: files\viaversion (Отказано в доступе)
[17:04:50] [main/INFO]: [STDERR]: 	at java.base/java.io.FileInputStream.open0(Native Method)
[17:04:50] [main/INFO]: [STDERR]: 	at java.base/java.io.FileInputStream.open(FileInputStream.java:213)
[17:04:50] [main/INFO]: [STDERR]: 	at java.base/java.io.FileInputStream.<init>(FileInputStream.java:152)
[17:04:50] [main/INFO]: [STDERR]: 	at com.viaversion.viaversion.util.Config.loadConfig(Config.java:114)
[17:04:50] [main/INFO]: [STDERR]: 	... 19 more
[17:04:50] [main/INFO]: ViaVersion detected lowest supported version by the proxy: 1.9 (107)
[17:04:50] [main/INFO]: Highest supported version by the proxy: 1.21.11 (774)
[17:04:50] [Via Async Scheduler 0/INFO]: Finished mapping loading, shutting down loader executor.
[17:04:51] [main/INFO]: Reloading ResourceManager: Default
[17:04:51] [main/INFO]: [OptiFine] *** Reloading textures ***
[17:04:51] [main/INFO]: [OptiFine] Resource packs: Default
[17:04:51] [Worker-Main-1/WARN]: File laura:sounds/sounds/buttonclick.ogg does not exist, cannot add it to event minecraft:laura.ui.buttonclick
[17:04:51] [Worker-Main-1/WARN]: File laura:sounds/sounds/on.ogg does not exist, cannot add it to event minecraft:laura.ui.toggle.on
[17:04:51] [Worker-Main-1/WARN]: File laura:sounds/sounds/off.ogg does not exist, cannot add it to event minecraft:laura.ui.toggle.off
[17:04:51] [Worker-Main-1/WARN]: File laura:sounds/sounds/enable.ogg does not exist, cannot add it to event minecraft:laura.ui.enable
[17:04:51] [Worker-Main-1/WARN]: File laura:sounds/sounds/disable.ogg does not exist, cannot add it to event minecraft:laura.ui.disable
[17:04:51] [Worker-Main-1/WARN]: File laura:sounds/sounds/enable3.ogg does not exist, cannot add it to event minecraft:laura.ui.enable3
[17:04:51] [Worker-Main-1/WARN]: File laura:sounds/sounds/enable4.ogg does not exist, cannot add it to event minecraft:laura.ui.enable4
[17:04:51] [Worker-Main-1/WARN]: File laura:sounds/sounds/enable5.ogg does not exist, cannot add it to event minecraft:laura.ui.enable5
[17:04:51] [Worker-Main-1/WARN]: File laura:sounds/sounds/enable6.ogg does not exist, cannot add it to event minecraft:laura.ui.enable6
[17:04:51] [Worker-Main-1/WARN]: File laura:sounds/sounds/enable7.ogg does not exist, cannot add it to event minecraft:laura.ui.enable7
[17:04:51] [Worker-Main-1/WARN]: File laura:sounds/sounds/enable9.ogg does not exist, cannot add it to event minecraft:laura.ui.enable9
[17:04:51] [Worker-Main-1/WARN]: File laura:sounds/sounds/disable3.ogg does not exist, cannot add it to event minecraft:laura.ui.disable3
[17:04:51] [Worker-Main-1/WARN]: File laura:sounds/sounds/disable4.ogg does not exist, cannot add it to event minecraft:laura.ui.disable4
[17:04:51] [Worker-Main-1/WARN]: File laura:sounds/sounds/disable5.ogg does not exist, cannot add it to event minecraft:laura.ui.disable5
[17:04:51] [Worker-Main-1/WARN]: File laura:sounds/sounds/disable6.ogg does not exist, cannot add it to event minecraft:laura.ui.disable6
[17:04:51] [Worker-Main-1/WARN]: File laura:sounds/sounds/disable7.ogg does not exist, cannot add it to event minecraft:laura.ui.disable7
[17:04:51] [Worker-Main-1/WARN]: File laura:sounds/sounds/disable9.ogg does not exist, cannot add it to event minecraft:laura.ui.disable9
[17:04:51] [Worker-Main-1/WARN]: File laura:sounds/sounds/enableBubbles.ogg does not exist, cannot add it to event minecraft:laura.ui.enableBubbles
[17:04:51] [Worker-Main-1/WARN]: File laura:sounds/sounds/disableBubbles.ogg does not exist, cannot add it to event minecraft:laura.ui.disableBubbles
[17:04:51] [Worker-Main-1/WARN]: File laura:sounds/sounds/slider.ogg does not exist, cannot add it to event minecraft:laura.ui.slider
[17:04:51] [Worker-Main-1/WARN]: File laura:sounds/sounds/scroll.ogg does not exist, cannot add it to event minecraft:laura.ui.scroll
[17:04:51] [Worker-Main-1/WARN]: File laura:sounds/sounds/swap.ogg does not exist, cannot add it to event minecraft:laura.ui.swap
[17:04:51] [Worker-Main-1/WARN]: File laura:sounds/sounds/boolean.ogg does not exist, cannot add it to event minecraft:laura.ui.boolean
[17:04:51] [Worker-Main-1/WARN]: File laura:sounds/sounds/altselect.ogg does not exist, cannot add it to event minecraft:laura.ui.altselect
[17:04:51] [Worker-Main-1/WARN]: File laura:sounds/sounds/delete.ogg does not exist, cannot add it to event minecraft:laura.ui.delete
[17:04:51] [Worker-Main-1/WARN]: File laura:sounds/sounds/success.ogg does not exist, cannot add it to event minecraft:laura.ui.success
[17:04:51] [Worker-Main-1/WARN]: File laura:sounds/sounds/marker.ogg does not exist, cannot add it to event minecraft:laura.ui.marker
[17:04:51] [Worker-Main-1/WARN]: File laura:sounds/sounds/search.ogg does not exist, cannot add it to event minecraft:laura.ui.search
[17:04:51] [Worker-Main-1/WARN]: File laura:sounds/sounds/MainMenu.ogg does not exist, cannot add it to event minecraft:laura.ui.mainmenu
[17:04:51] [Worker-Main-1/WARN]: File laura:sounds/sounds/start.ogg does not exist, cannot add it to event minecraft:laura.ui.start
[17:04:51] [Worker-Main-1/WARN]: File laura:sounds/sounds/hello.ogg does not exist, cannot add it to event minecraft:laura.ui.hello
[17:04:51] [Worker-Main-1/WARN]: File laura:sounds/sounds/newyear.ogg does not exist, cannot add it to event minecraft:laura.ui.newyear
[17:04:51] [Worker-Main-1/WARN]: File laura:sounds/sounds/uwu.ogg does not exist, cannot add it to event minecraft:laura.ui.uwu
[17:04:51] [Worker-Main-1/WARN]: File laura:sounds/sounds/one.ogg does not exist, cannot add it to event minecraft:laura.ui.one
[17:04:51] [Worker-Main-1/WARN]: File laura:sounds/sounds/one2.ogg does not exist, cannot add it to event minecraft:laura.ui.one2
[17:04:51] [Worker-Main-1/WARN]: File laura:sounds/sounds/cl.ogg does not exist, cannot add it to event minecraft:laura.ui.cl
[17:04:51] [Worker-Main-1/WARN]: File laura:sounds/sounds/chelegg.ogg does not exist, cannot add it to event minecraft:laura.ui.chelegg
[17:04:51] [Worker-Main-1/WARN]: File laura:sounds/sounds/frag.ogg does not exist, cannot add it to event minecraft:laura.ui.frag
[17:04:51] [Worker-Main-1/WARN]: File laura:sounds/sounds/bell.ogg does not exist, cannot add it to event minecraft:laura.ui.bell
[17:04:51] [Worker-Main-1/WARN]: File laura:sounds/sounds/bonk.ogg does not exist, cannot add it to event minecraft:laura.ui.bonk
[17:04:51] [Worker-Main-1/WARN]: File laura:sounds/sounds/bubble.ogg does not exist, cannot add it to event minecraft:laura.ui.bubble
[17:04:51] [Worker-Main-1/WARN]: File laura:sounds/sounds/crime.ogg does not exist, cannot add it to event minecraft:laura.ui.crime
[17:04:51] [Worker-Main-1/WARN]: File laura:sounds/sounds/metallic.ogg does not exist, cannot add it to event minecraft:laura.ui.metallic
[17:04:51] [Worker-Main-1/WARN]: File laura:sounds/sounds/rust.ogg does not exist, cannot add it to event minecraft:laura.ui.rust
[17:04:51] [Worker-Main-1/WARN]: File laura:sounds/sounds/friendadd.ogg does not exist, cannot add it to event minecraft:laura.ui.friendadd
[17:04:51] [Worker-Main-1/WARN]: File laura:sounds/sounds/friendremove.ogg does not exist, cannot add it to event minecraft:laura.ui.friendremove
[17:04:51] [Worker-Main-1/WARN]: File laura:sounds/sounds/macadd.ogg does not exist, cannot add it to event minecraft:laura.ui.macadd
[17:04:51] [Worker-Main-1/WARN]: File laura:sounds/sounds/macdel.ogg does not exist, cannot add it to event minecraft:laura.ui.macdel
[17:04:51] [Worker-Main-1/WARN]: File laura:sounds/sounds/guibindingenable.ogg does not exist, cannot add it to event minecraft:laura.ui.guibindingenable
[17:04:51] [Worker-Main-1/WARN]: File laura:sounds/sounds/guibindingdisable.ogg does not exist, cannot add it to event minecraft:laura.ui.guibindingdisable
[17:04:51] [Worker-Main-1/WARN]: File laura:sounds/sounds/guichangemode.ogg does not exist, cannot add it to event minecraft:laura.ui.guichangemode
[17:04:51] [Worker-Main-1/WARN]: File laura:sounds/sounds/guimodulepanelopen.ogg does not exist, cannot add it to event minecraft:laura.ui.guimodulepanelopen
[17:04:51] [Worker-Main-1/WARN]: File laura:sounds/sounds/guimodulepanelclose.ogg does not exist, cannot add it to event minecraft:laura.ui.guimodulepanelclose
[17:04:51] [Worker-Main-1/WARN]: File laura:sounds/sounds/writing.ogg does not exist, cannot add it to event minecraft:laura.ui.writing
[17:04:51] [Worker-Main-1/WARN]: File laura:sounds/sounds/writingf.ogg does not exist, cannot add it to event minecraft:laura.ui.writingf
[17:04:51] [Worker-Main-1/WARN]: File laura:sounds/sounds/moan1.ogg does not exist, cannot add it to event minecraft:laura.ui.moan1
[17:04:51] [Worker-Main-1/WARN]: File laura:sounds/sounds/moan2.ogg does not exist, cannot add it to event minecraft:laura.ui.moan2
[17:04:51] [Worker-Main-1/WARN]: File laura:sounds/sounds/moan3.ogg does not exist, cannot add it to event minecraft:laura.ui.moan3
[17:04:51] [Worker-Main-1/WARN]: File laura:sounds/sounds/moan4.ogg does not exist, cannot add it to event minecraft:laura.ui.moan4
[17:04:51] [Worker-Main-1/WARN]: File laura:sounds/sounds/bell.ogg does not exist, cannot add it to event minecraft:laura.hitsound.bell
[17:04:51] [Worker-Main-1/WARN]: File laura:sounds/sounds/metallic.ogg does not exist, cannot add it to event minecraft:laura.hitsound.metallic
[17:04:51] [Worker-Main-1/WARN]: File laura:sounds/sounds/rust.ogg does not exist, cannot add it to event minecraft:laura.hitsound.rust
[17:04:51] [Worker-Main-1/WARN]: File laura:sounds/sounds/bubble.ogg does not exist, cannot add it to event minecraft:laura.hitsound.bubble
[17:04:51] [Worker-Main-3/INFO]: [OptiFine] (Reflector) Class not present: net.minecraftforge.client.model.ModelLoaderRegistry
[17:04:51] [Worker-Main-1/WARN]: File laura:sounds/sounds/bonk.ogg does not exist, cannot add it to event minecraft:laura.hitsound.bonk
[17:04:51] [Worker-Main-1/WARN]: File laura:sounds/sounds/crime.ogg does not exist, cannot add it to event minecraft:laura.hitsound.crime
[17:04:52] [Worker-Main-1/INFO]: [OptiFine] Multitexture: false
[17:04:52] [main/INFO]: [OptiFine] (Reflector) Method not present: net.minecraft.client.renderer.RenderTypeLookup.canRenderInLayer
[17:04:52] [main/INFO]: [OptiFine] *** Reflector Forge ***
[17:04:52] [main/INFO]: [OptiFine] (Reflector) Class not present: mods.betterfoliage.client.BetterFoliageClient
[17:04:52] [main/INFO]: [OptiFine] (Reflector) Class not present: net.minecraftforge.fml.BrandingControl
[17:04:52] [main/INFO]: [OptiFine] (Reflector) Class not present: net.minecraftforge.common.capabilities.ICapabilityProvider
[17:04:52] [main/INFO]: [OptiFine] (Reflector) Class not present: net.minecraftforge.common.capabilities.CapabilityProvider
[17:04:52] [main/INFO]: [OptiFine] (Reflector) Class not present: net.minecraftforge.fml.client.ClientModLoader
[17:04:52] [main/INFO]: [OptiFine] (Reflector) Class not present: net.minecraftforge.event.world.ChunkDataEvent$Save
[17:04:52] [main/INFO]: [OptiFine] (Reflector) Class not present: net.minecraftforge.event.world.ChunkEvent$Load
[17:04:52] [main/INFO]: [OptiFine] (Reflector) Class not present: net.minecraftforge.event.world.ChunkEvent$Unload
[17:04:52] [main/INFO]: [OptiFine] (Reflector) Class not present: net.minecraftforge.fml.client.ClientHooks
[17:04:52] [main/INFO]: [OptiFine] (Reflector) Class not present: net.minecraftforge.client.event.GuiScreenEvent$DrawScreenEvent$Pre
[17:04:52] [main/INFO]: [OptiFine] (Reflector) Class not present: net.minecraftforge.client.event.GuiScreenEvent$DrawScreenEvent$Post
[17:04:52] [main/INFO]: [OptiFine] (Reflector) Class not present: net.minecraftforge.event.entity.EntityLeaveWorldEvent
[17:04:52] [main/INFO]: [OptiFine] (Reflector) Class not present: net.minecraftforge.client.event.EntityViewRenderEvent$CameraSetup
[17:04:52] [main/INFO]: [OptiFine] (Reflector) Class not present: net.minecraftforge.client.event.EntityViewRenderEvent$FogColors
[17:04:52] [main/INFO]: [OptiFine] (Reflector) Class not present: net.minecraftforge.client.event.EntityViewRenderEvent$RenderFogEvent
[17:04:52] [main/INFO]: [OptiFine] (Reflector) Class not present: net.minecraftforge.event.entity.EntityJoinWorldEvent
[17:04:52] [main/INFO]: [OptiFine] (Reflector) Method not present: net.minecraftforge.eventbus.api.Event.isCanceled
[17:04:52] [main/INFO]: [OptiFine] (Reflector) Method not present: net.minecraftforge.eventbus.api.Event.getResult
[17:04:52] [main/INFO]: [OptiFine] (Reflector) Class not present: net.minecraftforge.eventbus.api.IEventBus
[17:04:52] [main/INFO]: [OptiFine] (Reflector) Class not present: net.minecraftforge.common.extensions.IForgeBlock
[17:04:52] [main/INFO]: [OptiFine] (Reflector) Method not present: net.minecraft.client.renderer.BlockModelShapes.getTexture
[17:04:52] [main/INFO]: [OptiFine] (Reflector) Method not present: net.minecraftforge.common.extensions.IForgeBlockState.addDestroyEffects
[17:04:52] [main/INFO]: [OptiFine] (Reflector) Method not present: net.minecraftforge.common.extensions.IForgeBlockState.addHitEffects
[17:04:52] [main/INFO]: [OptiFine] (Reflector) Method not present: net.minecraftforge.common.extensions.IForgeBlockState.getLightValue
[17:04:52] [main/INFO]: [OptiFine] (Reflector) Method not present: net.minecraftforge.common.extensions.IForgeBlockState.getSoundType
[17:04:52] [main/INFO]: [OptiFine] (Reflector) Method not present: net.minecraftforge.common.extensions.IForgeBlockState.getStateAtViewpoint
[17:04:52] [main/INFO]: [OptiFine] (Reflector) Method not present: net.minecraftforge.common.extensions.IForgeBlockState.isAir
[17:04:58] [Worker-Main-2/INFO]: [OptiFine] Multitexture: false
[17:04:52] [main/INFO]: [OptiFine] (Reflector) Method not present: net.minecraftforge.common.extensions.IForgeBlockState.shouldDisplayFluidOverlay
[17:05:02] [main/INFO]: [OptiFine] (Reflector) Class not present: net.minecraftforge.common.extensions.IForgeFluid
[17:05:02] [main/INFO]: [OptiFine] (Reflector) Class not present: net.minecraftforge.fluids.FluidAttributes
[17:05:02] [main/INFO]: [OptiFine] (Reflector) Method not present: net.minecraft.entity.EntityType.getTags
[17:05:02] [main/INFO]: [OptiFine] (Reflector) Class not present: net.minecraftforge.event.ForgeEventFactory
[17:05:02] [main/INFO]: [OptiFine] (Reflector) Method not present: net.minecraft.fluid.Fluid.getTags
[17:05:02] [main/INFO]: [OptiFine] (Reflector) Class not present: net.minecraftforge.common.ForgeHooks
[17:05:02] [main/INFO]: [OptiFine] (Reflector) Class not present: net.minecraftforge.common.ForgeConfig
[17:05:02] [main/INFO]: [OptiFine] (Reflector) Class not present: net.minecraftforge.common.ForgeConfig$Client
[17:05:02] [main/INFO]: [OptiFine] (Reflector) Class not present: net.minecraftforge.common.ForgeConfigSpec
[17:05:02] [main/INFO]: [OptiFine] (Reflector) Class not present: net.minecraftforge.common.ForgeConfigSpec$ConfigValue
[17:05:03] [main/INFO]: [OptiFine] (Reflector) Method not present: net.minecraft.world.chunk.IChunk.getWorldForge
[17:05:03] [main/INFO]: [OptiFine] (Reflector) Class not present: net.minecraftforge.common.extensions.IForgeItem
[17:05:03] [main/INFO]: [OptiFine] (Reflector) Class not present: net.minecraftforge.common.extensions.IForgeItemStack
[17:05:03] [main/INFO]: [OptiFine] (Reflector) Class not present: net.minecraftforge.fml.ForgeI18n
[17:05:03] [main/INFO]: [OptiFine] (Reflector) Method not present: net.minecraft.client.settings.KeyBinding.setKeyConflictContext
[17:05:03] [main/INFO]: [OptiFine] (Reflector) Method not present: net.minecraft.client.settings.KeyBinding.setKeyModifierAndCode
[17:05:03] [main/INFO]: [OptiFine] (Reflector) Method not present: net.minecraft.client.settings.KeyBinding.getKeyModifier
[17:05:03] [main/INFO]: [OptiFine] (Reflector) Class not present: net.minecraftforge.common.extensions.IForgeEffectInstance
[17:05:03] [main/INFO]: [OptiFine] (Reflector) Class not present: net.minecraftforge.registries.ForgeRegistryEntry
[17:05:03] [main/INFO]: [OptiFine] (Reflector) Method not present: net.minecraft.client.renderer.RenderTypeLookup.canRenderInLayer
[17:05:03] [main/INFO]: [OptiFine] (Reflector) Constructor not present: net.minecraft.world.server.Ticket, params: class net.minecraft.world.server.TicketType, int, class java.lang.Object, boolean
[17:05:03] [main/INFO]: [OptiFine] (Reflector) Method not present: net.minecraft.world.server.Ticket.isForceTicks
[17:05:03] [main/INFO]: [OptiFine] (Reflector) Class not present: net.minecraftforge.common.extensions.IForgeTileEntity
[17:05:03] [main/INFO]: [OptiFine] (Reflector) Method not present: net.minecraft.client.world.DimensionRenderInfo.getCloudRenderHandler
[17:05:03] [main/INFO]: [OptiFine] (Reflector) Method not present: net.minecraft.client.world.DimensionRenderInfo.getSkyRenderHandler
[17:05:03] [main/INFO]: [OptiFine] (Reflector) Method not present: net.minecraft.client.world.DimensionRenderInfo.getWeatherParticleRenderHandler
[17:05:03] [main/INFO]: [OptiFine] (Reflector) Method not present: net.minecraft.client.world.DimensionRenderInfo.getWeatherRenderHandler
[17:05:03] [main/INFO]: [OptiFine] (Reflector) Class not present: net.minecraftforge.client.IRenderHandler
[17:05:03] [main/INFO]: [OptiFine] (Reflector) Class not present: net.minecraftforge.client.model.pipeline.LightUtil
[17:05:03] [main/INFO]: [OptiFine] (Reflector) Class not present: net.minecraftforge.common.MinecraftForge
[17:05:03] [main/INFO]: [OptiFine] (Reflector) Class not present: net.minecraftforge.client.MinecraftForgeClient
[17:05:03] [main/INFO]: [OptiFine] (Reflector) Class not present: net.minecraftforge.fml.common.ModContainer
[17:05:03] [main/INFO]: [OptiFine] (Reflector) Class not present: net.minecraftforge.fml.client.gui.screen.ModListScreen
[17:05:03] [main/INFO]: [OptiFine] (Reflector) Class not present: net.minecraftforge.client.gui.NotificationModUpdateScreen
[17:05:03] [main/INFO]: [OptiFine] (Reflector) Class not present: net.minecraftforge.entity.PartEntity
[17:05:03] [main/INFO]: [OptiFine] (Reflector) Class not present: net.minecraftforge.event.entity.PlaySoundAtEntityEvent
[17:05:03] [main/INFO]: [OptiFine] (Reflector) Class not present: net.minecraftforge.client.event.RenderBlockOverlayEvent$OverlayType
[17:05:03] [main/INFO]: [OptiFine] (Reflector) Class not present: net.minecraftforge.fml.client.registry.RenderingRegistry
[17:05:03] [main/INFO]: [OptiFine] (Reflector) Class not present: net.minecraftforge.client.event.RenderGameOverlayEvent$BossInfo
[17:05:03] [main/INFO]: [OptiFine] (Reflector) Class not present: net.minecraftforge.client.event.RenderItemInFrameEvent
[17:05:03] [main/INFO]: [OptiFine] (Reflector) Class not present: net.minecraftforge.client.event.RenderLivingEvent$Pre
[17:05:03] [main/INFO]: [OptiFine] (Reflector) Class not present: net.minecraftforge.client.event.RenderLivingEvent$Post
[17:05:03] [main/INFO]: [OptiFine] (Reflector) Class not present: net.minecraftforge.client.event.RenderNameplateEvent
[17:05:03] [main/INFO]: [OptiFine] (Reflector) Class not present: net.minecraftforge.client.event.ScreenshotEvent
[17:05:03] [main/INFO]: [OptiFine] (Reflector) Class not present: net.minecraftforge.fml.server.ServerLifecycleHooks
[17:05:03] [main/INFO]: [OptiFine] (Reflector) Class not present: net.minecraftforge.event.world.WorldEvent$Load
[17:05:03] [main/INFO]: [OptiFine] *** Reflector Vanilla ***
[17:05:05] [Worker-Main-3/INFO]: [OptiFine] Multitexture: false
[17:05:05] [Worker-Main-3/INFO]: [OptiFine] ConnectedTextures: optifine/ctm/default/00_glass_white/glass_pane_white.properties
[17:05:05] [Worker-Main-3/INFO]: [OptiFine] ConnectedTextures: optifine/ctm/default/00_glass_white/glass_white.properties
[17:05:05] [Worker-Main-3/INFO]: [OptiFine] ConnectedTextures: optifine/ctm/default/01_glass_orange/glass_orange.properties
[17:05:05] [Worker-Main-3/INFO]: [OptiFine] ConnectedTextures: optifine/ctm/default/01_glass_orange/glass_pane_orange.properties
[17:05:05] [Worker-Main-3/INFO]: [OptiFine] ConnectedTextures: optifine/ctm/default/02_glass_magenta/glass_magenta.properties
[17:05:05] [Worker-Main-3/INFO]: [OptiFine] ConnectedTextures: optifine/ctm/default/02_glass_magenta/glass_pane_magenta.properties
[17:05:05] [Worker-Main-3/INFO]: [OptiFine] ConnectedTextures: optifine/ctm/default/03_glass_light_blue/glass_light_blue.properties
[17:05:05] [Worker-Main-3/INFO]: [OptiFine] ConnectedTextures: optifine/ctm/default/03_glass_light_blue/glass_pane_light_blue.properties
[17:05:05] [Worker-Main-3/INFO]: [OptiFine] ConnectedTextures: optifine/ctm/default/04_glass_yellow/glass_pane_yellow.properties
[17:05:05] [Worker-Main-3/INFO]: [OptiFine] ConnectedTextures: optifine/ctm/default/04_glass_yellow/glass_yellow.properties
[17:05:05] [Worker-Main-3/INFO]: [OptiFine] ConnectedTextures: optifine/ctm/default/05_glass_lime/glass_lime.properties
[17:05:05] [Worker-Main-3/INFO]: [OptiFine] ConnectedTextures: optifine/ctm/default/05_glass_lime/glass_pane_lime.properties
[17:05:05] [Worker-Main-3/INFO]: [OptiFine] ConnectedTextures: optifine/ctm/default/06_glass_pink/glass_pane_pink.properties
[17:05:05] [Worker-Main-3/INFO]: [OptiFine] ConnectedTextures: optifine/ctm/default/06_glass_pink/glass_pink.properties
[17:05:06] [Worker-Main-3/INFO]: [OptiFine] ConnectedTextures: optifine/ctm/default/07_glass_gray/glass_gray.properties
[17:05:06] [Worker-Main-3/INFO]: [OptiFine] ConnectedTextures: optifine/ctm/default/07_glass_gray/glass_pane_gray.properties
[17:05:06] [Worker-Main-3/INFO]: [OptiFine] ConnectedTextures: optifine/ctm/default/08_glass_light_gray/glass_light_gray.properties
[17:05:06] [Worker-Main-3/INFO]: [OptiFine] ConnectedTextures: optifine/ctm/default/08_glass_light_gray/glass_pane_light_gray.properties
[17:05:06] [Worker-Main-3/INFO]: [OptiFine] ConnectedTextures: optifine/ctm/default/09_glass_cyan/glass_cyan.properties
[17:05:06] [Worker-Main-3/INFO]: [OptiFine] ConnectedTextures: optifine/ctm/default/09_glass_cyan/glass_pane_cyan.properties
[17:05:06] [Worker-Main-3/INFO]: [OptiFine] ConnectedTextures: optifine/ctm/default/10_glass_purple/glass_pane_purple.properties
[17:05:06] [Worker-Main-3/INFO]: [OptiFine] ConnectedTextures: optifine/ctm/default/10_glass_purple/glass_purple.properties
[17:05:06] [Worker-Main-3/INFO]: [OptiFine] ConnectedTextures: optifine/ctm/default/11_glass_blue/glass_blue.properties
[17:05:06] [Worker-Main-3/INFO]: [OptiFine] ConnectedTextures: optifine/ctm/default/11_glass_blue/glass_pane_blue.properties
[17:05:06] [Worker-Main-3/INFO]: [OptiFine] ConnectedTextures: optifine/ctm/default/12_glass_brown/glass_brown.properties
[17:05:06] [Worker-Main-3/INFO]: [OptiFine] ConnectedTextures: optifine/ctm/default/12_glass_brown/glass_pane_brown.properties
[17:05:06] [Worker-Main-3/INFO]: [OptiFine] ConnectedTextures: optifine/ctm/default/13_glass_green/glass_green.properties
[17:05:06] [Worker-Main-3/INFO]: [OptiFine] ConnectedTextures: optifine/ctm/default/13_glass_green/glass_pane_green.properties
[17:05:06] [Worker-Main-3/INFO]: [OptiFine] ConnectedTextures: optifine/ctm/default/14_glass_red/glass_pane_red.properties
[17:05:06] [Worker-Main-3/INFO]: [OptiFine] ConnectedTextures: optifine/ctm/default/14_glass_red/glass_red.properties
[17:05:06] [Worker-Main-3/INFO]: [OptiFine] ConnectedTextures: optifine/ctm/default/15_glass_black/glass_black.properties
[17:05:06] [Worker-Main-3/INFO]: [OptiFine] ConnectedTextures: optifine/ctm/default/15_glass_black/glass_pane_black.properties
[17:05:06] [Worker-Main-3/INFO]: [OptiFine] ConnectedTextures: optifine/ctm/default/20_glass/glass.properties
[17:05:06] [Worker-Main-3/INFO]: [OptiFine] ConnectedTextures: optifine/ctm/default/20_glass/glass_pane.properties
[17:05:06] [Worker-Main-3/INFO]: [OptiFine] ConnectedTextures: optifine/ctm/default/30_bookshelf/bookshelf.properties
[17:05:06] [Worker-Main-3/INFO]: [OptiFine] ConnectedTextures: optifine/ctm/default/40_sandstone/sandstone.properties
[17:05:06] [Worker-Main-3/INFO]: [OptiFine] ConnectedTextures: optifine/ctm/default/41_red_sandstone/red_sandstone.properties
[17:05:06] [Worker-Main-3/INFO]: [OptiFine] Multipass connected textures: false
[17:05:06] [Worker-Main-3/INFO]: [OptiFine] BetterGrass: Parsing default configuration optifine/bettergrass.properties
[17:05:17] [Worker-Main-3/INFO]: [OptiFine] Mipmap levels: 4
[17:05:21] [Worker-Main-4/INFO]: [OptiFine] Multitexture: false
[17:05:25] [Worker-Main-3/INFO]: [OptiFine] Multitexture: false
[17:05:25] [Worker-Main-3/INFO]: [OptiFine] Sprite size: 64
[17:05:25] [Worker-Main-3/INFO]: [OptiFine] Mipmap levels: 6
[17:05:26] [Worker-Main-3/INFO]: [OptiFine] Multitexture: false
[17:05:26] [Worker-Main-3/INFO]: [OptiFine] Sprite size: 64
[17:05:26] [Worker-Main-3/INFO]: [OptiFine] Mipmap levels: 6
[17:05:26] [Worker-Main-3/INFO]: [OptiFine] Multitexture: false
[17:05:26] [Worker-Main-3/INFO]: [OptiFine] Sprite size: 64
[17:05:26] [Worker-Main-3/INFO]: [OptiFine] Mipmap levels: 6
[17:05:26] [Worker-Main-3/INFO]: [OptiFine] Multitexture: false
[17:05:26] [Worker-Main-3/INFO]: [OptiFine] Sprite size: 64
[17:05:26] [Worker-Main-3/INFO]: [OptiFine] Mipmap levels: 6
[17:05:26] [Worker-Main-3/INFO]: [OptiFine] Multitexture: false
[17:05:27] [Worker-Main-3/INFO]: [OptiFine] Sprite size: 64
[17:05:27] [Worker-Main-3/INFO]: [OptiFine] Mipmap levels: 6
[17:05:27] [Worker-Main-3/INFO]: [OptiFine] Multitexture: false
[17:05:27] [Worker-Main-3/INFO]: [OptiFine] Sprite size: 64
[17:05:27] [Worker-Main-3/INFO]: [OptiFine] Mipmap levels: 6
[17:05:28] [main/WARN]: Missing sound for event: minecraft:ambient.cave
[17:05:28] [main/WARN]: Missing sound for event: minecraft:ambient.basalt_deltas.additions
[17:05:28] [main/WARN]: Missing sound for event: minecraft:ambient.basalt_deltas.loop
[17:05:28] [main/WARN]: Missing sound for event: minecraft:ambient.basalt_deltas.mood
[17:05:28] [main/WARN]: Missing sound for event: minecraft:ambient.crimson_forest.additions
[17:05:28] [main/WARN]: Missing sound for event: minecraft:ambient.crimson_forest.loop
[17:05:28] [main/WARN]: Missing sound for event: minecraft:ambient.crimson_forest.mood
[17:05:28] [main/WARN]: Missing sound for event: minecraft:ambient.nether_wastes.additions
[17:05:28] [main/WARN]: Missing sound for event: minecraft:ambient.nether_wastes.loop
[17:05:28] [main/WARN]: Missing sound for event: minecraft:ambient.nether_wastes.mood
[17:05:28] [main/WARN]: Missing sound for event: minecraft:ambient.soul_sand_valley.additions
[17:05:28] [main/WARN]: Missing sound for event: minecraft:ambient.soul_sand_valley.loop
[17:05:28] [main/WARN]: Missing sound for event: minecraft:ambient.soul_sand_valley.mood
[17:05:28] [main/WARN]: Missing sound for event: minecraft:ambient.warped_forest.additions
[17:05:28] [main/WARN]: Missing sound for event: minecraft:ambient.warped_forest.loop
[17:05:28] [main/WARN]: Missing sound for event: minecraft:ambient.warped_forest.mood
[17:05:28] [main/WARN]: Missing sound for event: minecraft:ambient.underwater.enter
[17:05:28] [main/WARN]: Missing sound for event: minecraft:ambient.underwater.exit
[17:05:28] [main/WARN]: Missing sound for event: minecraft:ambient.underwater.loop
[17:05:28] [main/WARN]: Missing sound for event: minecraft:ambient.underwater.loop.additions
[17:05:28] [main/WARN]: Missing sound for event: minecraft:ambient.underwater.loop.additions.rare
[17:05:28] [main/WARN]: Missing sound for event: minecraft:ambient.underwater.loop.additions.ultra_rare
[17:05:28] [main/WARN]: Missing sound for event: minecraft:block.ancient_debris.break
[17:05:28] [main/WARN]: Missing sound for event: minecraft:block.ancient_debris.step
[17:05:28] [main/WARN]: Missing sound for event: minecraft:block.ancient_debris.place
[17:05:28] [main/WARN]: Missing sound for event: minecraft:block.ancient_debris.hit
[17:05:28] [main/WARN]: Missing sound for event: minecraft:block.ancient_debris.fall
[17:05:28] [main/WARN]: Missing sound for event: minecraft:block.anvil.break
[17:05:28] [main/WARN]: Missing sound for event: minecraft:block.anvil.destroy
[17:05:28] [main/WARN]: Missing sound for event: minecraft:block.anvil.fall
[17:05:28] [main/WARN]: Missing sound for event: minecraft:block.anvil.hit
[17:05:28] [main/WARN]: Missing sound for event: minecraft:block.anvil.land
[17:05:28] [main/WARN]: Missing sound for event: minecraft:block.anvil.place
[17:05:28] [main/WARN]: Missing sound for event: minecraft:block.anvil.step
[17:05:28] [main/WARN]: Missing sound for event: minecraft:block.anvil.use
[17:05:28] [main/WARN]: Missing sound for event: minecraft:item.armor.equip_chain
[17:05:28] [main/WARN]: Missing sound for event: minecraft:item.armor.equip_diamond
[17:05:28] [main/WARN]: Missing sound for event: minecraft:item.armor.equip_elytra
[17:05:28] [main/WARN]: Missing sound for event: minecraft:item.armor.equip_generic
[17:05:28] [main/WARN]: Missing sound for event: minecraft:item.armor.equip_gold
[17:05:28] [main/WARN]: Missing sound for event: minecraft:item.armor.equip_iron
[17:05:28] [main/WARN]: Missing sound for event: minecraft:item.armor.equip_leather
[17:05:28] [main/WARN]: Missing sound for event: minecraft:item.armor.equip_netherite
[17:05:28] [main/WARN]: Missing sound for event: minecraft:item.armor.equip_turtle
[17:05:28] [main/WARN]: Missing sound for event: minecraft:entity.armor_stand.break
[17:05:28] [main/WARN]: Missing sound for event: minecraft:entity.armor_stand.fall
[17:05:28] [main/WARN]: Missing sound for event: minecraft:entity.armor_stand.hit
[17:05:28] [main/WARN]: Missing sound for event: minecraft:entity.armor_stand.place
[17:05:28] [main/WARN]: Missing sound for event: minecraft:entity.arrow.hit
[17:05:28] [main/WARN]: Missing sound for event: minecraft:entity.arrow.hit_player
[17:05:28] [main/WARN]: Missing sound for event: minecraft:entity.arrow.shoot
[17:05:28] [main/WARN]: Missing sound for event: minecraft:item.axe.strip
[17:05:28] [main/WARN]: Missing sound for event: minecraft:block.bamboo.break
[17:05:28] [main/WARN]: Missing sound for event: minecraft:block.bamboo.fall
[17:05:28] [main/WARN]: Missing sound for event: minecraft:block.bamboo.hit
[17:05:28] [main/WARN]: Missing sound for event: minecraft:block.bamboo.place
[17:05:28] [main/WARN]: Missing sound for event: minecraft:block.bamboo.step
[17:05:28] [main/WARN]: Missing sound for event: minecraft:block.bamboo_sapling.break
[17:05:28] [main/WARN]: Missing sound for event: minecraft:block.bamboo_sapling.hit
[17:05:28] [main/WARN]: Missing sound for event: minecraft:block.bamboo_sapling.place
[17:05:28] [main/WARN]: Missing sound for event: minecraft:block.barrel.close
[17:05:28] [main/WARN]: Missing sound for event: minecraft:block.barrel.open
[17:05:28] [main/WARN]: Missing sound for event: minecraft:block.basalt.break
[17:05:28] [main/WARN]: Missing sound for event: minecraft:block.basalt.step
[17:05:28] [main/WARN]: Missing sound for event: minecraft:block.basalt.place
[17:05:28] [main/WARN]: Missing sound for event: minecraft:block.basalt.hit
[17:05:28] [main/WARN]: Missing sound for event: minecraft:block.basalt.fall
[17:05:28] [main/WARN]: Missing sound for event: minecraft:entity.bat.ambient
[17:05:28] [main/WARN]: Missing sound for event: minecraft:entity.bat.death
[17:05:28] [main/WARN]: Missing sound for event: minecraft:entity.bat.hurt
[17:05:28] [main/WARN]: Missing sound for event: minecraft:entity.bat.loop
[17:05:28] [main/WARN]: Missing sound for event: minecraft:entity.bat.takeoff
[17:05:28] [main/WARN]: Missing sound for event: minecraft:block.beacon.activate
[17:05:28] [main/WARN]: Missing sound for event: minecraft:block.beacon.ambient
[17:05:28] [main/WARN]: Missing sound for event: minecraft:block.beacon.deactivate
[17:05:28] [main/WARN]: Missing sound for event: minecraft:block.beacon.power_select
[17:05:28] [main/WARN]: Missing sound for event: minecraft:entity.bee.death
[17:05:28] [main/WARN]: Missing sound for event: minecraft:entity.bee.hurt
[17:05:28] [main/WARN]: Missing sound for event: minecraft:entity.bee.loop_aggressive
[17:05:28] [main/WARN]: Missing sound for event: minecraft:entity.bee.loop
[17:05:28] [main/WARN]: Missing sound for event: minecraft:entity.bee.sting
[17:05:28] [main/WARN]: Missing sound for event: minecraft:entity.bee.pollinate
[17:05:28] [main/WARN]: Missing sound for event: minecraft:block.beehive.drip
[17:05:28] [main/WARN]: Missing sound for event: minecraft:block.beehive.enter
[17:05:28] [main/WARN]: Missing sound for event: minecraft:block.beehive.exit
[17:05:28] [main/WARN]: Missing sound for event: minecraft:block.beehive.shear
[17:05:28] [main/WARN]: Missing sound for event: minecraft:block.beehive.work
[17:05:28] [main/WARN]: Missing sound for event: minecraft:block.bell.use
[17:05:28] [main/WARN]: Missing sound for event: minecraft:block.bell.resonate
[17:05:28] [main/WARN]: Missing sound for event: minecraft:entity.blaze.ambient
[17:05:28] [main/WARN]: Missing sound for event: minecraft:entity.blaze.burn
[17:05:28] [main/WARN]: Missing sound for event: minecraft:entity.blaze.death
[17:05:28] [main/WARN]: Missing sound for event: minecraft:entity.blaze.hurt
[17:05:28] [main/WARN]: Missing sound for event: minecraft:entity.blaze.shoot
[17:05:28] [main/WARN]: Missing sound for event: minecraft:entity.boat.paddle_land
[17:05:28] [main/WARN]: Missing sound for event: minecraft:entity.boat.paddle_water
[17:05:28] [main/WARN]: Missing sound for event: minecraft:block.bone_block.break
[17:05:28] [main/WARN]: Missing sound for event: minecraft:block.bone_block.fall
[17:05:28] [main/WARN]: Missing sound for event: minecraft:block.bone_block.hit
[17:05:28] [main/WARN]: Missing sound for event: minecraft:block.bone_block.place
[17:05:28] [main/WARN]: Missing sound for event: minecraft:block.bone_block.step
[17:05:28] [main/WARN]: Missing sound for event: minecraft:item.book.page_turn
[17:05:28] [main/WARN]: Missing sound for event: minecraft:item.book.put
[17:05:28] [main/WARN]: Missing sound for event: minecraft:block.blastfurnace.fire_crackle
[17:05:28] [main/WARN]: Missing sound for event: minecraft:item.bottle.empty
[17:05:28] [main/WARN]: Missing sound for event: minecraft:item.bottle.fill
[17:05:28] [main/WARN]: Missing sound for event: minecraft:item.bottle.fill_dragonbreath
[17:05:28] [main/WARN]: Missing sound for event: minecraft:block.brewing_stand.brew
[17:05:28] [main/WARN]: Missing sound for event: minecraft:block.bubble_column.bubble_pop
[17:05:28] [main/WARN]: Missing sound for event: minecraft:block.bubble_column.upwards_ambient
[17:05:28] [main/WARN]: Missing sound for event: minecraft:block.bubble_column.upwards_inside
[17:05:28] [main/WARN]: Missing sound for event: minecraft:block.bubble_column.whirlpool_ambient
[17:05:28] [main/WARN]: Missing sound for event: minecraft:block.bubble_column.whirlpool_inside
[17:05:28] [main/WARN]: Missing sound for event: minecraft:item.bucket.empty
[17:05:28] [main/WARN]: Missing sound for event: minecraft:item.bucket.empty_fish
[17:05:28] [main/WARN]: Missing sound for event: minecraft:item.bucket.empty_lava
[17:05:28] [main/WARN]: Missing sound for event: minecraft:item.bucket.fill
[17:05:28] [main/WARN]: Missing sound for event: minecraft:item.bucket.fill_fish
[17:05:28] [main/WARN]: Missing sound for event: minecraft:item.bucket.fill_lava
[17:05:28] [main/WARN]: Missing sound for event: minecraft:block.campfire.crackle
[17:05:28] [main/WARN]: Missing sound for event: minecraft:entity.cat.ambient
[17:05:28] [main/WARN]: Missing sound for event: minecraft:entity.cat.stray_ambient
[17:05:28] [main/WARN]: Missing sound for event: minecraft:entity.cat.death
[17:05:28] [main/WARN]: Missing sound for event: minecraft:entity.cat.eat
[17:05:28] [main/WARN]: Missing sound for event: minecraft:entity.cat.hiss
[17:05:28] [main/WARN]: Missing sound for event: minecraft:entity.cat.beg_for_food
[17:05:28] [main/WARN]: Missing sound for event: minecraft:entity.cat.hurt
[17:05:28] [main/WARN]: Missing sound for event: minecraft:entity.cat.purr
[17:05:28] [main/WARN]: Missing sound for event: minecraft:entity.cat.purreow
[17:05:28] [main/WARN]: Missing sound for event: minecraft:block.chain.break
[17:05:28] [main/WARN]: Missing sound for event: minecraft:block.chain.fall
[17:05:28] [main/WARN]: Missing sound for event: minecraft:block.chain.hit
[17:05:28] [main/WARN]: Missing sound for event: minecraft:block.chain.place
[17:05:28] [main/WARN]: Missing sound for event: minecraft:block.chain.step
[17:05:28] [main/WARN]: Missing sound for event: minecraft:block.chest.close
[17:05:28] [main/WARN]: Missing sound for event: minecraft:block.chest.locked
[17:05:28] [main/WARN]: Missing sound for event: minecraft:block.chest.open
[17:05:28] [main/WARN]: Missing sound for event: minecraft:entity.chicken.ambient
[17:05:28] [main/WARN]: Missing sound for event: minecraft:entity.chicken.death
[17:05:28] [main/WARN]: Missing sound for event: minecraft:entity.chicken.egg
[17:05:28] [main/WARN]: Missing sound for event: minecraft:entity.chicken.hurt
[17:05:28] [main/WARN]: Missing sound for event: minecraft:entity.chicken.step
[17:05:28] [main/WARN]: Missing sound for event: minecraft:block.chorus_flower.death
[17:05:28] [main/WARN]: Missing sound for event: minecraft:block.chorus_flower.grow
[17:05:28] [main/WARN]: Missing sound for event: minecraft:item.chorus_fruit.teleport
[17:05:28] [main/WARN]: Missing sound for event: minecraft:entity.cod.ambient
[17:05:28] [main/WARN]: Missing sound for event: minecraft:entity.cod.death
[17:05:28] [main/WARN]: Missing sound for event: minecraft:entity.cod.flop
[17:05:28] [main/WARN]: Missing sound for event: minecraft:entity.cod.hurt
[17:05:28] [main/WARN]: Missing sound for event: minecraft:block.comparator.click
[17:05:28] [main/WARN]: Missing sound for event: minecraft:block.composter.empty
[17:05:28] [main/WARN]: Missing sound for event: minecraft:block.composter.fill
[17:05:28] [main/WARN]: Missing sound for event: minecraft:block.composter.fill_success
[17:05:28] [main/WARN]: Missing sound for event: minecraft:block.composter.ready
[17:05:28] [main/WARN]: Missing sound for event: minecraft:block.conduit.activate
[17:05:28] [main/WARN]: Missing sound for event: minecraft:block.conduit.ambient
[17:05:28] [main/WARN]: Missing sound for event: minecraft:block.conduit.ambient.short
[17:05:28] [main/WARN]: Missing sound for event: minecraft:block.conduit.attack.target
[17:05:28] [main/WARN]: Missing sound for event: minecraft:block.conduit.deactivate
[17:05:28] [main/WARN]: Missing sound for event: minecraft:block.coral_block.break
[17:05:28] [main/WARN]: Missing sound for event: minecraft:block.coral_block.fall
[17:05:28] [main/WARN]: Missing sound for event: minecraft:block.coral_block.hit
[17:05:28] [main/WARN]: Missing sound for event: minecraft:block.coral_block.place
[17:05:28] [main/WARN]: Missing sound for event: minecraft:block.coral_block.step
[17:05:28] [main/WARN]: Missing sound for event: minecraft:entity.cow.ambient
[17:05:28] [main/WARN]: Missing sound for event: minecraft:entity.cow.death
[17:05:28] [main/WARN]: Missing sound for event: minecraft:entity.cow.hurt
[17:05:28] [main/WARN]: Missing sound for event: minecraft:entity.cow.milk
[17:05:28] [main/WARN]: Missing sound for event: minecraft:entity.cow.step
[17:05:28] [main/WARN]: Missing sound for event: minecraft:entity.creeper.death
[17:05:28] [main/WARN]: Missing sound for event: minecraft:entity.creeper.hurt
[17:05:28] [main/WARN]: Missing sound for event: minecraft:entity.creeper.primed
[17:05:28] [main/WARN]: Missing sound for event: minecraft:block.crop.break
[17:05:28] [main/WARN]: Missing sound for event: minecraft:item.crop.plant
[17:05:28] [main/WARN]: Missing sound for event: minecraft:item.crossbow.hit
[17:05:28] [main/WARN]: Missing sound for event: minecraft:item.crossbow.loading_end
[17:05:28] [main/WARN]: Missing sound for event: minecraft:item.crossbow.loading_middle
[17:05:28] [main/WARN]: Missing sound for event: minecraft:item.crossbow.loading_start
[17:05:28] [main/WARN]: Missing sound for event: minecraft:item.crossbow.quick_charge_1
[17:05:28] [main/WARN]: Missing sound for event: minecraft:item.crossbow.quick_charge_2
[17:05:28] [main/WARN]: Missing sound for event: minecraft:item.crossbow.quick_charge_3
[17:05:28] [main/WARN]: Missing sound for event: minecraft:item.crossbow.shoot
[17:05:28] [main/WARN]: Missing sound for event: minecraft:block.dispenser.dispense
[17:05:28] [main/WARN]: Missing sound for event: minecraft:block.dispenser.fail
[17:05:28] [main/WARN]: Missing sound for event: minecraft:block.dispenser.launch
[17:05:28] [main/WARN]: Missing sound for event: minecraft:entity.dolphin.ambient
[17:05:28] [main/WARN]: Missing sound for event: minecraft:entity.dolphin.ambient_water
[17:05:28] [main/WARN]: Missing sound for event: minecraft:entity.dolphin.attack
[17:05:28] [main/WARN]: Missing sound for event: minecraft:entity.dolphin.death
[17:05:28] [main/WARN]: Missing sound for event: minecraft:entity.dolphin.eat
[17:05:28] [main/WARN]: Missing sound for event: minecraft:entity.dolphin.hurt
[17:05:28] [main/WARN]: Missing sound for event: minecraft:entity.dolphin.jump
[17:05:28] [main/WARN]: Missing sound for event: minecraft:entity.dolphin.play
[17:05:28] [main/WARN]: Missing sound for event: minecraft:entity.dolphin.splash
[17:05:28] [main/WARN]: Missing sound for event: minecraft:entity.dolphin.swim
[17:05:28] [main/WARN]: Missing sound for event: minecraft:entity.donkey.ambient
[17:05:28] [main/WARN]: Missing sound for event: minecraft:entity.donkey.angry
[17:05:28] [main/WARN]: Missing sound for event: minecraft:entity.donkey.chest
[17:05:28] [main/WARN]: Missing sound for event: minecraft:entity.donkey.death
[17:05:28] [main/WARN]: Missing sound for event: minecraft:entity.donkey.eat
[17:05:28] [main/WARN]: Missing sound for event: minecraft:entity.donkey.hurt
[17:05:28] [main/WARN]: Missing sound for event: minecraft:entity.drowned.ambient
[17:05:28] [main/WARN]: Missing sound for event: minecraft:entity.drowned.ambient_water
[17:05:28] [main/WARN]: Missing sound for event: minecraft:entity.drowned.death
[17:05:28] [main/WARN]: Missing sound for event: minecraft:entity.drowned.death_water
[17:05:28] [main/WARN]: Missing sound for event: minecraft:entity.drowned.hurt
[17:05:28] [main/WARN]: Missing sound for event: minecraft:entity.drowned.hurt_water
[17:05:28] [main/WARN]: Missing sound for event: minecraft:entity.drowned.shoot
[17:05:28] [main/WARN]: Missing sound for event: minecraft:entity.drowned.step
[17:05:28] [main/WARN]: Missing sound for event: minecraft:entity.drowned.swim
[17:05:28] [main/WARN]: Missing sound for event: minecraft:entity.egg.throw
[17:05:28] [main/WARN]: Missing sound for event: minecraft:entity.elder_guardian.ambient
[17:05:28] [main/WARN]: Missing sound for event: minecraft:entity.elder_guardian.ambient_land
[17:05:28] [main/WARN]: Missing sound for event: minecraft:entity.elder_guardian.curse
[17:05:28] [main/WARN]: Missing sound for event: minecraft:entity.elder_guardian.death
[17:05:28] [main/WARN]: Missing sound for event: minecraft:entity.elder_guardian.death_land
[17:05:28] [main/WARN]: Missing sound for event: minecraft:entity.elder_guardian.flop
[17:05:28] [main/WARN]: Missing sound for event: minecraft:entity.elder_guardian.hurt
[17:05:28] [main/WARN]: Missing sound for event: minecraft:entity.elder_guardian.hurt_land
[17:05:28] [main/WARN]: Missing sound for event: minecraft:item.elytra.flying
[17:05:28] [main/WARN]: Missing sound for event: minecraft:block.enchantment_table.use
[17:05:28] [main/WARN]: Missing sound for event: minecraft:block.ender_chest.close
[17:05:28] [main/WARN]: Missing sound for event: minecraft:block.ender_chest.open
[17:05:28] [main/WARN]: Missing sound for event: minecraft:entity.ender_dragon.ambient
[17:05:28] [main/WARN]: Missing sound for event: minecraft:entity.ender_dragon.death
[17:05:28] [main/WARN]: Missing sound for event: minecraft:entity.dragon_fireball.explode
[17:05:28] [main/WARN]: Missing sound for event: minecraft:entity.ender_dragon.flap
[17:05:28] [main/WARN]: Missing sound for event: minecraft:entity.ender_dragon.growl
[17:05:28] [main/WARN]: Missing sound for event: minecraft:entity.ender_dragon.hurt
[17:05:28] [main/WARN]: Missing sound for event: minecraft:entity.ender_dragon.shoot
[17:05:28] [main/WARN]: Missing sound for event: minecraft:entity.ender_eye.death
[17:05:28] [main/WARN]: Missing sound for event: minecraft:entity.ender_eye.launch
[17:05:28] [main/WARN]: Missing sound for event: minecraft:entity.enderman.ambient
[17:05:28] [main/WARN]: Missing sound for event: minecraft:entity.enderman.death
[17:05:28] [main/WARN]: Missing sound for event: minecraft:entity.enderman.hurt
[17:05:28] [main/WARN]: Missing sound for event: minecraft:entity.enderman.scream
[17:05:28] [main/WARN]: Missing sound for event: minecraft:entity.enderman.stare
[17:05:28] [main/WARN]: Missing sound for event: minecraft:entity.enderman.teleport
[17:05:28] [main/WARN]: Missing sound for event: minecraft:entity.endermite.ambient
[17:05:28] [main/WARN]: Missing sound for event: minecraft:entity.endermite.death
[17:05:28] [main/WARN]: Missing sound for event: minecraft:entity.endermite.hurt
[17:05:28] [main/WARN]: Missing sound for event: minecraft:entity.endermite.step
[17:05:28] [main/WARN]: Missing sound for event: minecraft:entity.ender_pearl.throw
[17:05:28] [main/WARN]: Missing sound for event: minecraft:block.end_gateway.spawn
[17:05:28] [main/WARN]: Missing sound for event: minecraft:block.end_portal_frame.fill
[17:05:28] [main/WARN]: Missing sound for event: minecraft:block.end_portal.spawn
[17:05:28] [main/WARN]: Missing sound for event: minecraft:entity.evoker.ambient
[17:05:28] [main/WARN]: Missing sound for event: minecraft:entity.evoker.cast_spell
[17:05:28] [main/WARN]: Missing sound for event: minecraft:entity.evoker.celebrate
[17:05:28] [main/WARN]: Missing sound for event: minecraft:entity.evoker.death
[17:05:28] [main/WARN]: Missing sound for event: minecraft:entity.evoker_fangs.attack
[17:05:28] [main/WARN]: Missing sound for event: minecraft:entity.evoker.hurt
[17:05:28] [main/WARN]: Missing sound for event: minecraft:entity.evoker.prepare_attack
[17:05:28] [main/WARN]: Missing sound for event: minecraft:entity.evoker.prepare_summon
[17:05:28] [main/WARN]: Missing sound for event: minecraft:entity.evoker.prepare_wololo
[17:05:28] [main/WARN]: Missing sound for event: minecraft:entity.experience_bottle.throw
[17:05:28] [main/WARN]: Missing sound for event: minecraft:entity.experience_orb.pickup
[17:05:28] [main/WARN]: Missing sound for event: minecraft:block.fence_gate.close
[17:05:28] [main/WARN]: Missing sound for event: minecraft:block.fence_gate.open
[17:05:28] [main/WARN]: Missing sound for event: minecraft:item.firecharge.use
[17:05:28] [main/WARN]: Missing sound for event: minecraft:entity.firework_rocket.blast
[17:05:28] [main/WARN]: Missing sound for event: minecraft:entity.firework_rocket.blast_far
[17:05:28] [main/WARN]: Missing sound for event: minecraft:entity.firework_rocket.large_blast
[17:05:28] [main/WARN]: Missing sound for event: minecraft:entity.firework_rocket.large_blast_far
[17:05:28] [main/WARN]: Missing sound for event: minecraft:entity.firework_rocket.launch
[17:05:28] [main/WARN]: Missing sound for event: minecraft:entity.firework_rocket.shoot
[17:05:28] [main/WARN]: Missing sound for event: minecraft:entity.firework_rocket.twinkle
[17:05:28] [main/WARN]: Missing sound for event: minecraft:entity.firework_rocket.twinkle_far
[17:05:28] [main/WARN]: Missing sound for event: minecraft:block.fire.ambient
[17:05:28] [main/WARN]: Missing sound for event: minecraft:block.fire.extinguish
[17:05:28] [main/WARN]: Missing sound for event: minecraft:entity.fish.swim
[17:05:28] [main/WARN]: Missing sound for event: minecraft:entity.fishing_bobber.retrieve
[17:05:28] [main/WARN]: Missing sound for event: minecraft:entity.fishing_bobber.splash
[17:05:28] [main/WARN]: Missing sound for event: minecraft:entity.fishing_bobber.throw
[17:05:28] [main/WARN]: Missing sound for event: minecraft:item.flintandsteel.use
[17:05:28] [main/WARN]: Missing sound for event: minecraft:entity.fox.aggro
[17:05:28] [main/WARN]: Missing sound for event: minecraft:entity.fox.ambient
[17:05:28] [main/WARN]: Missing sound for event: minecraft:entity.fox.bite
[17:05:28] [main/WARN]: Missing sound for event: minecraft:entity.fox.death
[17:05:28] [main/WARN]: Missing sound for event: minecraft:entity.fox.eat
[17:05:28] [main/WARN]: Missing sound for event: minecraft:entity.fox.hurt
[17:05:28] [main/WARN]: Missing sound for event: minecraft:entity.fox.screech
[17:05:28] [main/WARN]: Missing sound for event: minecraft:entity.fox.sleep
[17:05:28] [main/WARN]: Missing sound for event: minecraft:entity.fox.sniff
[17:05:28] [main/WARN]: Missing sound for event: minecraft:entity.fox.spit
[17:05:28] [main/WARN]: Missing sound for event: minecraft:entity.fox.teleport
[17:05:28] [main/WARN]: Missing sound for event: minecraft:block.roots.break
[17:05:28] [main/WARN]: Missing sound for event: minecraft:block.roots.step
[17:05:28] [main/WARN]: Missing sound for event: minecraft:block.roots.place
[17:05:28] [main/WARN]: Missing sound for event: minecraft:block.roots.hit
[17:05:28] [main/WARN]: Missing sound for event: minecraft:block.roots.fall
[17:05:28] [main/WARN]: Missing sound for event: minecraft:block.furnace.fire_crackle
[17:05:28] [main/WARN]: Missing sound for event: minecraft:entity.generic.big_fall
[17:05:28] [main/WARN]: Missing sound for event: minecraft:entity.generic.burn
[17:05:28] [main/WARN]: Missing sound for event: minecraft:entity.generic.death
[17:05:28] [main/WARN]: Missing sound for event: minecraft:entity.generic.drink
[17:05:28] [main/WARN]: Missing sound for event: minecraft:entity.generic.eat
[17:05:28] [main/WARN]: Missing sound for event: minecraft:entity.generic.explode
[17:05:28] [main/WARN]: Missing sound for event: minecraft:entity.generic.extinguish_fire
[17:05:28] [main/WARN]: Missing sound for event: minecraft:entity.generic.hurt
[17:05:28] [main/WARN]: Missing sound for event: minecraft:entity.generic.small_fall
[17:05:28] [main/WARN]: Missing sound for event: minecraft:entity.generic.splash
[17:05:28] [main/WARN]: Missing sound for event: minecraft:entity.generic.swim
[17:05:28] [main/WARN]: Missing sound for event: minecraft:entity.ghast.ambient
[17:05:28] [main/WARN]: Missing sound for event: minecraft:entity.ghast.death
[17:05:28] [main/WARN]: Missing sound for event: minecraft:entity.ghast.hurt
[17:05:28] [main/WARN]: Missing sound for event: minecraft:entity.ghast.scream
[17:05:28] [main/WARN]: Missing sound for event: minecraft:entity.ghast.shoot
[17:05:28] [main/WARN]: Missing sound for event: minecraft:entity.ghast.warn
[17:05:28] [main/WARN]: Missing sound for event: minecraft:block.gilded_blackstone.break
[17:05:28] [main/WARN]: Missing sound for event: minecraft:block.gilded_blackstone.fall
[17:05:28] [main/WARN]: Missing sound for event: minecraft:block.gilded_blackstone.hit
[17:05:28] [main/WARN]: Missing sound for event: minecraft:block.gilded_blackstone.place
[17:05:28] [main/WARN]: Missing sound for event: minecraft:block.gilded_blackstone.step
[17:05:28] [main/WARN]: Missing sound for event: minecraft:block.glass.break
[17:05:28] [main/WARN]: Missing sound for event: minecraft:block.glass.fall
[17:05:28] [main/WARN]: Missing sound for event: minecraft:block.glass.hit
[17:05:28] [main/WARN]: Missing sound for event: minecraft:block.glass.place
[17:05:28] [main/WARN]: Missing sound for event: minecraft:block.glass.step
[17:05:28] [main/WARN]: Missing sound for event: minecraft:block.grass.break
[17:05:28] [main/WARN]: Missing sound for event: minecraft:block.grass.fall
[17:05:28] [main/WARN]: Missing sound for event: minecraft:block.grass.hit
[17:05:28] [main/WARN]: Missing sound for event: minecraft:block.grass.place
[17:05:28] [main/WARN]: Missing sound for event: minecraft:block.grass.step
[17:05:28] [main/WARN]: Missing sound for event: minecraft:block.gravel.break
[17:05:28] [main/WARN]: Missing sound for event: minecraft:block.gravel.fall
[17:05:28] [main/WARN]: Missing sound for event: minecraft:block.gravel.hit
[17:05:28] [main/WARN]: Missing sound for event: minecraft:block.gravel.place
[17:05:28] [main/WARN]: Missing sound for event: minecraft:block.gravel.step
[17:05:28] [main/WARN]: Missing sound for event: minecraft:block.grindstone.use
[17:05:28] [main/WARN]: Missing sound for event: minecraft:entity.guardian.ambient
[17:05:28] [main/WARN]: Missing sound for event: minecraft:entity.guardian.ambient_land
[17:05:28] [main/WARN]: Missing sound for event: minecraft:entity.guardian.attack
[17:05:28] [main/WARN]: Missing sound for event: minecraft:entity.guardian.death
[17:05:28] [main/WARN]: Missing sound for event: minecraft:entity.guardian.death_land
[17:05:28] [main/WARN]: Missing sound for event: minecraft:entity.guardian.flop
[17:05:28] [main/WARN]: Missing sound for event: minecraft:entity.guardian.hurt
[17:05:28] [main/WARN]: Missing sound for event: minecraft:entity.guardian.hurt_land
[17:05:28] [main/WARN]: Missing sound for event: minecraft:item.hoe.till
[17:05:28] [main/WARN]: Missing sound for event: minecraft:entity.hoglin.ambient
[17:05:28] [main/WARN]: Missing sound for event: minecraft:entity.hoglin.angry
[17:05:28] [main/WARN]: Missing sound for event: minecraft:entity.hoglin.attack
[17:05:28] [main/WARN]: Missing sound for event: minecraft:entity.hoglin.converted_to_zombified
[17:05:28] [main/WARN]: Missing sound for event: minecraft:entity.hoglin.death
[17:05:28] [main/WARN]: Missing sound for event: minecraft:entity.hoglin.hurt
[17:05:28] [main/WARN]: Missing sound for event: minecraft:entity.hoglin.retreat
[17:05:28] [main/WARN]: Missing sound for event: minecraft:entity.hoglin.step
[17:05:28] [main/WARN]: Missing sound for event: minecraft:block.honey_block.break
[17:05:28] [main/WARN]: Missing sound for event: minecraft:block.honey_block.fall
[17:05:28] [main/WARN]: Missing sound for event: minecraft:block.honey_block.hit
[17:05:28] [main/WARN]: Missing sound for event: minecraft:block.honey_block.place
[17:05:28] [main/WARN]: Missing sound for event: minecraft:block.honey_block.slide
[17:05:28] [main/WARN]: Missing sound for event: minecraft:block.honey_block.step
[17:05:28] [main/WARN]: Missing sound for event: minecraft:item.honey_bottle.drink
[17:05:28] [main/WARN]: Missing sound for event: minecraft:entity.horse.ambient
[17:05:28] [main/WARN]: Missing sound for event: minecraft:entity.horse.angry
[17:05:28] [main/WARN]: Missing sound for event: minecraft:entity.horse.armor
[17:05:28] [main/WARN]: Missing sound for event: minecraft:entity.horse.breathe
[17:05:28] [main/WARN]: Missing sound for event: minecraft:entity.horse.death
[17:05:28] [main/WARN]: Missing sound for event: minecraft:entity.horse.eat
[17:05:28] [main/WARN]: Missing sound for event: minecraft:entity.horse.gallop
[17:05:28] [main/WARN]: Missing sound for event: minecraft:entity.horse.hurt
[17:05:28] [main/WARN]: Missing sound for event: minecraft:entity.horse.jump
[17:05:28] [main/WARN]: Missing sound for event: minecraft:entity.horse.land
[17:05:28] [main/WARN]: Missing sound for event: minecraft:entity.horse.saddle
[17:05:28] [main/WARN]: Missing sound for event: minecraft:entity.horse.step
[17:05:28] [main/WARN]: Missing sound for event: minecraft:entity.horse.step_wood
[17:05:28] [main/WARN]: Missing sound for event: minecraft:entity.hostile.big_fall
[17:05:28] [main/WARN]: Missing sound for event: minecraft:entity.hostile.death
[17:05:28] [main/WARN]: Missing sound for event: minecraft:entity.hostile.hurt
[17:05:28] [main/WARN]: Missing sound for event: minecraft:entity.hostile.small_fall
[17:05:28] [main/WARN]: Missing sound for event: minecraft:entity.hostile.splash
[17:05:28] [main/WARN]: Missing sound for event: minecraft:entity.hostile.swim
[17:05:28] [main/WARN]: Missing sound for event: minecraft:entity.husk.ambient
[17:05:28] [main/WARN]: Missing sound for event: minecraft:entity.husk.converted_to_zombie
[17:05:28] [main/WARN]: Missing sound for event: minecraft:entity.husk.death
[17:05:28] [main/WARN]: Missing sound for event: minecraft:entity.husk.hurt
[17:05:28] [main/WARN]: Missing sound for event: minecraft:entity.husk.step
[17:05:28] [main/WARN]: Missing sound for event: minecraft:entity.illusioner.ambient
[17:05:28] [main/WARN]: Missing sound for event: minecraft:entity.illusioner.cast_spell
[17:05:28] [main/WARN]: Missing sound for event: minecraft:entity.illusioner.death
[17:05:28] [main/WARN]: Missing sound for event: minecraft:entity.illusioner.hurt
[17:05:28] [main/WARN]: Missing sound for event: minecraft:entity.illusioner.mirror_move
[17:05:28] [main/WARN]: Missing sound for event: minecraft:entity.illusioner.prepare_blindness
[17:05:28] [main/WARN]: Missing sound for event: minecraft:entity.illusioner.prepare_mirror
[17:05:28] [main/WARN]: Missing sound for event: minecraft:block.iron_door.close
[17:05:28] [main/WARN]: Missing sound for event: minecraft:block.iron_door.open
[17:05:28] [main/WARN]: Missing sound for event: minecraft:entity.iron_golem.attack
[17:05:28] [main/WARN]: Missing sound for event: minecraft:entity.iron_golem.damage
[17:05:28] [main/WARN]: Missing sound for event: minecraft:entity.iron_golem.death
[17:05:28] [main/WARN]: Missing sound for event: minecraft:entity.iron_golem.hurt
[17:05:28] [main/WARN]: Missing sound for event: minecraft:entity.iron_golem.repair
[17:05:28] [main/WARN]: Missing sound for event: minecraft:entity.iron_golem.step
[17:05:28] [main/WARN]: Missing sound for event: minecraft:block.iron_trapdoor.close
[17:05:28] [main/WARN]: Missing sound for event: minecraft:block.iron_trapdoor.open
[17:05:28] [main/WARN]: Missing sound for event: minecraft:entity.item_frame.add_item
[17:05:28] [main/WARN]: Missing sound for event: minecraft:entity.item_frame.break
[17:05:28] [main/WARN]: Missing sound for event: minecraft:entity.item_frame.place
[17:05:28] [main/WARN]: Missing sound for event: minecraft:entity.item_frame.remove_item
[17:05:28] [main/WARN]: Missing sound for event: minecraft:entity.item_frame.rotate_item
[17:05:28] [main/WARN]: Missing sound for event: minecraft:entity.item.break
[17:05:28] [main/WARN]: Missing sound for event: minecraft:entity.item.pickup
[17:05:28] [main/WARN]: Missing sound for event: minecraft:block.ladder.break
[17:05:28] [main/WARN]: Missing sound for event: minecraft:block.ladder.fall
[17:05:28] [main/WARN]: Missing sound for event: minecraft:block.ladder.hit
[17:05:28] [main/WARN]: Missing sound for event: minecraft:block.ladder.place
[17:05:28] [main/WARN]: Missing sound for event: minecraft:block.ladder.step
[17:05:28] [main/WARN]: Missing sound for event: minecraft:block.lantern.break
[17:05:28] [main/WARN]: Missing sound for event: minecraft:block.lantern.fall
[17:05:28] [main/WARN]: Missing sound for event: minecraft:block.lantern.hit
[17:05:28] [main/WARN]: Missing sound for event: minecraft:block.lantern.place
[17:05:28] [main/WARN]: Missing sound for event: minecraft:block.lantern.step
[17:05:28] [main/WARN]: Missing sound for event: minecraft:block.lava.ambient
[17:05:28] [main/WARN]: Missing sound for event: minecraft:block.lava.extinguish
[17:05:28] [main/WARN]: Missing sound for event: minecraft:block.lava.pop
[17:05:28] [main/WARN]: Missing sound for event: minecraft:entity.leash_knot.break
[17:05:28] [main/WARN]: Missing sound for event: minecraft:entity.leash_knot.place
[17:05:28] [main/WARN]: Missing sound for event: minecraft:block.lever.click
[17:05:28] [main/WARN]: Missing sound for event: minecraft:entity.lightning_bolt.impact
[17:05:28] [main/WARN]: Missing sound for event: minecraft:entity.lightning_bolt.thunder
[17:05:28] [main/WARN]: Missing sound for event: minecraft:entity.lingering_potion.throw
[17:05:28] [main/WARN]: Missing sound for event: minecraft:entity.llama.ambient
[17:05:28] [main/WARN]: Missing sound for event: minecraft:entity.llama.angry
[17:05:28] [main/WARN]: Missing sound for event: minecraft:entity.llama.chest
[17:05:28] [main/WARN]: Missing sound for event: minecraft:entity.llama.death
[17:05:28] [main/WARN]: Missing sound for event: minecraft:entity.llama.eat
[17:05:28] [main/WARN]: Missing sound for event: minecraft:entity.llama.hurt
[17:05:28] [main/WARN]: Missing sound for event: minecraft:entity.llama.spit
[17:05:28] [main/WARN]: Missing sound for event: minecraft:entity.llama.step
[17:05:28] [main/WARN]: Missing sound for event: minecraft:entity.llama.swag
[17:05:28] [main/WARN]: Missing sound for event: minecraft:entity.magma_cube.death_small
[17:05:28] [main/WARN]: Missing sound for event: minecraft:block.lodestone.break
[17:05:28] [main/WARN]: Missing sound for event: minecraft:block.lodestone.step
[17:05:28] [main/WARN]: Missing sound for event: minecraft:block.lodestone.place
[17:05:28] [main/WARN]: Missing sound for event: minecraft:block.lodestone.hit
[17:05:28] [main/WARN]: Missing sound for event: minecraft:block.lodestone.fall
[17:05:28] [main/WARN]: Missing sound for event: minecraft:item.lodestone_compass.lock
[17:05:28] [main/WARN]: Missing sound for event: minecraft:entity.magma_cube.death
[17:05:28] [main/WARN]: Missing sound for event: minecraft:entity.magma_cube.hurt
[17:05:28] [main/WARN]: Missing sound for event: minecraft:entity.magma_cube.hurt_small
[17:05:28] [main/WARN]: Missing sound for event: minecraft:entity.magma_cube.jump
[17:05:28] [main/WARN]: Missing sound for event: minecraft:entity.magma_cube.squish
[17:05:28] [main/WARN]: Missing sound for event: minecraft:entity.magma_cube.squish_small
[17:05:28] [main/WARN]: Missing sound for event: minecraft:block.metal.break
[17:05:28] [main/WARN]: Missing sound for event: minecraft:block.metal.fall
[17:05:28] [main/WARN]: Missing sound for event: minecraft:block.metal.hit
[17:05:28] [main/WARN]: Missing sound for event: minecraft:block.metal.place
[17:05:28] [main/WARN]: Missing sound for event: minecraft:block.metal_pressure_plate.click_off
[17:05:28] [main/WARN]: Missing sound for event: minecraft:block.metal_pressure_plate.click_on
[17:05:28] [main/WARN]: Missing sound for event: minecraft:block.metal.step
[17:05:28] [main/WARN]: Missing sound for event: minecraft:entity.minecart.inside
[17:05:28] [main/WARN]: Missing sound for event: minecraft:entity.minecart.riding
[17:05:28] [main/WARN]: Missing sound for event: minecraft:entity.mooshroom.convert
[17:05:28] [main/WARN]: Missing sound for event: minecraft:entity.mooshroom.eat
[17:05:28] [main/WARN]: Missing sound for event: minecraft:entity.mooshroom.milk
[17:05:28] [main/WARN]: Missing sound for event: minecraft:entity.mooshroom.suspicious_milk
[17:05:28] [main/WARN]: Missing sound for event: minecraft:entity.mooshroom.shear
[17:05:28] [main/WARN]: Missing sound for event: minecraft:entity.mule.ambient
[17:05:28] [main/WARN]: Missing sound for event: minecraft:entity.mule.angry
[17:05:28] [main/WARN]: Missing sound for event: minecraft:entity.mule.chest
[17:05:28] [main/WARN]: Missing sound for event: minecraft:entity.mule.death
[17:05:28] [main/WARN]: Missing sound for event: minecraft:entity.mule.eat
[17:05:28] [main/WARN]: Missing sound for event: minecraft:entity.mule.hurt
[17:05:28] [main/WARN]: Missing sound for event: minecraft:music.creative
[17:05:28] [main/WARN]: Missing sound for event: minecraft:music.credits
[17:05:28] [main/WARN]: Missing sound for event: minecraft:music_disc.11
[17:05:28] [main/WARN]: Missing sound for event: minecraft:music_disc.13
[17:05:28] [main/WARN]: Missing sound for event: minecraft:music_disc.blocks
[17:05:28] [main/WARN]: Missing sound for event: minecraft:music_disc.cat
[17:05:28] [main/WARN]: Missing sound for event: minecraft:music_disc.chirp
[17:05:28] [main/WARN]: Missing sound for event: minecraft:music_disc.far
[17:05:28] [main/WARN]: Missing sound for event: minecraft:music_disc.mall
[17:05:28] [main/WARN]: Missing sound for event: minecraft:music_disc.mellohi
[17:05:28] [main/WARN]: Missing sound for event: minecraft:music_disc.pigstep
[17:05:28] [main/WARN]: Missing sound for event: minecraft:music_disc.stal
[17:05:28] [main/WARN]: Missing sound for event: minecraft:music_disc.strad
[17:05:28] [main/WARN]: Missing sound for event: minecraft:music_disc.wait
[17:05:28] [main/WARN]: Missing sound for event: minecraft:music_disc.ward
[17:05:28] [main/WARN]: Missing sound for event: minecraft:music.dragon
[17:05:28] [main/WARN]: Missing sound for event: minecraft:music.end
[17:05:28] [main/WARN]: Missing sound for event: minecraft:music.game
[17:05:28] [main/WARN]: Missing sound for event: minecraft:music.menu
[17:05:28] [main/WARN]: Missing sound for event: minecraft:music.nether.basalt_deltas
[17:05:28] [main/WARN]: Missing sound for event: minecraft:music.nether.nether_wastes
[17:05:28] [main/WARN]: Missing sound for event: minecraft:music.nether.soul_sand_valley
[17:05:28] [main/WARN]: Missing sound for event: minecraft:music.nether.crimson_forest
[17:05:28] [main/WARN]: Missing sound for event: minecraft:music.nether.warped_forest
[17:05:28] [main/WARN]: Missing sound for event: minecraft:music.under_water
[17:05:28] [main/WARN]: Missing sound for event: minecraft:block.nether_bricks.break
[17:05:28] [main/WARN]: Missing sound for event: minecraft:block.nether_bricks.step
[17:05:28] [main/WARN]: Missing sound for event: minecraft:block.nether_bricks.place
[17:05:28] [main/WARN]: Missing sound for event: minecraft:block.nether_bricks.hit
[17:05:28] [main/WARN]: Missing sound for event: minecraft:block.nether_bricks.fall
[17:05:28] [main/WARN]: Missing sound for event: minecraft:block.nether_wart.break
[17:05:28] [main/WARN]: Missing sound for event: minecraft:item.nether_wart.plant
[17:05:28] [main/WARN]: Missing sound for event: minecraft:block.stem.break
[17:05:28] [main/WARN]: Missing sound for event: minecraft:block.stem.step
[17:05:28] [main/WARN]: Missing sound for event: minecraft:block.stem.place
[17:05:28] [main/WARN]: Missing sound for event: minecraft:block.stem.hit
[17:05:28] [main/WARN]: Missing sound for event: minecraft:block.stem.fall
[17:05:28] [main/WARN]: Missing sound for event: minecraft:block.nylium.break
[17:05:28] [main/WARN]: Missing sound for event: minecraft:block.nylium.step
[17:05:28] [main/WARN]: Missing sound for event: minecraft:block.nylium.place
[17:05:28] [main/WARN]: Missing sound for event: minecraft:block.nylium.hit
[17:05:28] [main/WARN]: Missing sound for event: minecraft:block.nylium.fall
[17:05:28] [main/WARN]: Missing sound for event: minecraft:block.nether_sprouts.break
[17:05:28] [main/WARN]: Missing sound for event: minecraft:block.nether_sprouts.step
[17:05:28] [main/WARN]: Missing sound for event: minecraft:block.nether_sprouts.place
[17:05:28] [main/WARN]: Missing sound for event: minecraft:block.nether_sprouts.hit
[17:05:28] [main/WARN]: Missing sound for event: minecraft:block.nether_sprouts.fall
[17:05:28] [main/WARN]: Missing sound for event: minecraft:block.fungus.break
[17:05:28] [main/WARN]: Missing sound for event: minecraft:block.fungus.step
[17:05:28] [main/WARN]: Missing sound for event: minecraft:block.fungus.place
[17:05:28] [main/WARN]: Missing sound for event: minecraft:block.fungus.hit
[17:05:28] [main/WARN]: Missing sound for event: minecraft:block.fungus.fall
[17:05:28] [main/WARN]: Missing sound for event: minecraft:block.weeping_vines.break
[17:05:28] [main/WARN]: Missing sound for event: minecraft:block.weeping_vines.step
[17:05:28] [main/WARN]: Missing sound for event: minecraft:block.weeping_vines.place
[17:05:28] [main/WARN]: Missing sound for event: minecraft:block.weeping_vines.hit
[17:05:28] [main/WARN]: Missing sound for event: minecraft:block.weeping_vines.fall
[17:05:28] [main/WARN]: Missing sound for event: minecraft:block.wart_block.break
[17:05:28] [main/WARN]: Missing sound for event: minecraft:block.wart_block.step
[17:05:28] [main/WARN]: Missing sound for event: minecraft:block.wart_block.place
[17:05:28] [main/WARN]: Missing sound for event: minecraft:block.wart_block.hit
[17:05:28] [main/WARN]: Missing sound for event: minecraft:block.wart_block.fall
[17:05:28] [main/WARN]: Missing sound for event: minecraft:block.netherite_block.break
[17:05:28] [main/WARN]: Missing sound for event: minecraft:block.netherite_block.step
[17:05:28] [main/WARN]: Missing sound for event: minecraft:block.netherite_block.place
[17:05:28] [main/WARN]: Missing sound for event: minecraft:block.netherite_block.hit
[17:05:28] [main/WARN]: Missing sound for event: minecraft:block.netherite_block.fall
[17:05:28] [main/WARN]: Missing sound for event: minecraft:block.netherrack.break
[17:05:28] [main/WARN]: Missing sound for event: minecraft:block.netherrack.step
[17:05:28] [main/WARN]: Missing sound for event: minecraft:block.netherrack.place
[17:05:28] [main/WARN]: Missing sound for event: minecraft:block.netherrack.hit
[17:05:28] [main/WARN]: Missing sound for event: minecraft:block.netherrack.fall
[17:05:28] [main/WARN]: Missing sound for event: minecraft:block.note_block.basedrum
[17:05:28] [main/WARN]: Missing sound for event: minecraft:block.note_block.bass
[17:05:28] [main/WARN]: Missing sound for event: minecraft:block.note_block.bell
[17:05:28] [main/WARN]: Missing sound for event: minecraft:block.note_block.chime
[17:05:28] [main/WARN]: Missing sound for event: minecraft:block.note_block.flute
[17:05:28] [main/WARN]: Missing sound for event: minecraft:block.note_block.guitar
[17:05:28] [main/WARN]: Missing sound for event: minecraft:block.note_block.harp
[17:05:28] [main/WARN]: Missing sound for event: minecraft:block.note_block.hat
[17:05:28] [main/WARN]: Missing sound for event: minecraft:block.note_block.pling
[17:05:28] [main/WARN]: Missing sound for event: minecraft:block.note_block.snare
[17:05:28] [main/WARN]: Missing sound for event: minecraft:block.note_block.xylophone
[17:05:28] [main/WARN]: Missing sound for event: minecraft:block.note_block.iron_xylophone
[17:05:28] [main/WARN]: Missing sound for event: minecraft:block.note_block.cow_bell
[17:05:28] [main/WARN]: Missing sound for event: minecraft:block.note_block.didgeridoo
[17:05:28] [main/WARN]: Missing sound for event: minecraft:block.note_block.bit
[17:05:28] [main/WARN]: Missing sound for event: minecraft:block.note_block.banjo
[17:05:28] [main/WARN]: Missing sound for event: minecraft:entity.ocelot.hurt
[17:05:28] [main/WARN]: Missing sound for event: minecraft:entity.ocelot.ambient
[17:05:28] [main/WARN]: Missing sound for event: minecraft:entity.ocelot.death
[17:05:28] [main/WARN]: Missing sound for event: minecraft:entity.painting.break
[17:05:28] [main/WARN]: Missing sound for event: minecraft:entity.painting.place
[17:05:28] [main/WARN]: Missing sound for event: minecraft:entity.panda.pre_sneeze
[17:05:28] [main/WARN]: Missing sound for event: minecraft:entity.panda.sneeze
[17:05:28] [main/WARN]: Missing sound for event: minecraft:entity.panda.ambient
[17:05:28] [main/WARN]: Missing sound for event: minecraft:entity.panda.death
[17:05:28] [main/WARN]: Missing sound for event: minecraft:entity.panda.eat
[17:05:28] [main/WARN]: Missing sound for event: minecraft:entity.panda.step
[17:05:28] [main/WARN]: Missing sound for event: minecraft:entity.panda.cant_breed
[17:05:28] [main/WARN]: Missing sound for event: minecraft:entity.panda.aggressive_ambient
[17:05:28] [main/WARN]: Missing sound for event: minecraft:entity.panda.worried_ambient
[17:05:28] [main/WARN]: Missing sound for event: minecraft:entity.panda.hurt
[17:05:28] [main/WARN]: Missing sound for event: minecraft:entity.panda.bite
[17:05:28] [main/WARN]: Missing sound for event: minecraft:entity.parrot.ambient
[17:05:28] [main/WARN]: Missing sound for event: minecraft:entity.parrot.death
[17:05:28] [main/WARN]: Missing sound for event: minecraft:entity.parrot.eat
[17:05:28] [main/WARN]: Missing sound for event: minecraft:entity.parrot.fly
[17:05:28] [main/WARN]: Missing sound for event: minecraft:entity.parrot.hurt
[17:05:28] [main/WARN]: Missing sound for event: minecraft:entity.parrot.imitate.blaze
[17:05:28] [main/WARN]: Missing sound for event: minecraft:entity.parrot.imitate.creeper
[17:05:28] [main/WARN]: Missing sound for event: minecraft:entity.parrot.imitate.drowned
[17:05:28] [main/WARN]: Missing sound for event: minecraft:entity.parrot.imitate.elder_guardian
[17:05:28] [main/WARN]: Missing sound for event: minecraft:entity.parrot.imitate.ender_dragon
[17:05:28] [main/WARN]: Missing sound for event: minecraft:entity.parrot.imitate.endermite
[17:05:28] [main/WARN]: Missing sound for event: minecraft:entity.parrot.imitate.evoker
[17:05:28] [main/WARN]: Missing sound for event: minecraft:entity.parrot.imitate.ghast
[17:05:28] [main/WARN]: Missing sound for event: minecraft:entity.parrot.imitate.guardian
[17:05:28] [main/WARN]: Missing sound for event: minecraft:entity.parrot.imitate.hoglin
[17:05:28] [main/WARN]: Missing sound for event: minecraft:entity.parrot.imitate.husk
[17:05:28] [main/WARN]: Missing sound for event: minecraft:entity.parrot.imitate.illusioner
[17:05:28] [main/WARN]: Missing sound for event: minecraft:entity.parrot.imitate.magma_cube
[17:05:28] [main/WARN]: Missing sound for event: minecraft:entity.parrot.imitate.phantom
[17:05:28] [main/WARN]: Missing sound for event: minecraft:entity.parrot.imitate.piglin
[17:05:28] [main/WARN]: Missing sound for event: minecraft:entity.parrot.imitate.piglin_brute
[17:05:28] [main/WARN]: Missing sound for event: minecraft:entity.parrot.imitate.pillager
[17:05:28] [main/WARN]: Missing sound for event: minecraft:entity.parrot.imitate.ravager
[17:05:28] [main/WARN]: Missing sound for event: minecraft:entity.parrot.imitate.shulker
[17:05:28] [main/WARN]: Missing sound for event: minecraft:entity.parrot.imitate.silverfish
[17:05:28] [main/WARN]: Missing sound for event: minecraft:entity.parrot.imitate.skeleton
[17:05:28] [main/WARN]: Missing sound for event: minecraft:entity.parrot.imitate.slime
[17:05:28] [main/WARN]: Missing sound for event: minecraft:entity.parrot.imitate.spider
[17:05:28] [main/WARN]: Missing sound for event: minecraft:entity.parrot.imitate.stray
[17:05:28] [main/WARN]: Missing sound for event: minecraft:entity.parrot.imitate.vex
[17:05:28] [main/WARN]: Missing sound for event: minecraft:entity.parrot.imitate.vindicator
[17:05:28] [main/WARN]: Missing sound for event: minecraft:entity.parrot.imitate.witch
[17:05:28] [main/WARN]: Missing sound for event: minecraft:entity.parrot.imitate.wither
[17:05:28] [main/WARN]: Missing sound for event: minecraft:entity.parrot.imitate.wither_skeleton
[17:05:28] [main/WARN]: Missing sound for event: minecraft:entity.parrot.imitate.zoglin
[17:05:28] [main/WARN]: Missing sound for event: minecraft:entity.parrot.imitate.zombie
[17:05:28] [main/WARN]: Missing sound for event: minecraft:entity.parrot.imitate.zombie_villager
[17:05:28] [main/WARN]: Missing sound for event: minecraft:entity.parrot.step
[17:05:28] [main/WARN]: Missing sound for event: minecraft:entity.phantom.ambient
[17:05:28] [main/WARN]: Missing sound for event: minecraft:entity.phantom.bite
[17:05:28] [main/WARN]: Missing sound for event: minecraft:entity.phantom.death
[17:05:28] [main/WARN]: Missing sound for event: minecraft:entity.phantom.flap
[17:05:28] [main/WARN]: Missing sound for event: minecraft:entity.phantom.hurt
[17:05:28] [main/WARN]: Missing sound for event: minecraft:entity.phantom.swoop
[17:05:28] [main/WARN]: Missing sound for event: minecraft:entity.pig.ambient
[17:05:28] [main/WARN]: Missing sound for event: minecraft:entity.pig.death
[17:05:28] [main/WARN]: Missing sound for event: minecraft:entity.pig.hurt
[17:05:28] [main/WARN]: Missing sound for event: minecraft:entity.pig.saddle
[17:05:28] [main/WARN]: Missing sound for event: minecraft:entity.pig.step
[17:05:28] [main/WARN]: Missing sound for event: minecraft:entity.piglin.admiring_item
[17:05:28] [main/WARN]: Missing sound for event: minecraft:entity.piglin.ambient
[17:05:28] [main/WARN]: Missing sound for event: minecraft:entity.piglin.angry
[17:05:28] [main/WARN]: Missing sound for event: minecraft:entity.piglin.celebrate
[17:05:28] [main/WARN]: Missing sound for event: minecraft:entity.piglin.death
[17:05:28] [main/WARN]: Missing sound for event: minecraft:entity.piglin.jealous
[17:05:28] [main/WARN]: Missing sound for event: minecraft:entity.piglin.hurt
[17:05:28] [main/WARN]: Missing sound for event: minecraft:entity.piglin.retreat
[17:05:28] [main/WARN]: Missing sound for event: minecraft:entity.piglin.step
[17:05:28] [main/WARN]: Missing sound for event: minecraft:entity.piglin.converted_to_zombified
[17:05:28] [main/WARN]: Missing sound for event: minecraft:entity.piglin_brute.ambient
[17:05:28] [main/WARN]: Missing sound for event: minecraft:entity.piglin_brute.angry
[17:05:28] [main/WARN]: Missing sound for event: minecraft:entity.piglin_brute.death
[17:05:28] [main/WARN]: Missing sound for event: minecraft:entity.piglin_brute.hurt
[17:05:28] [main/WARN]: Missing sound for event: minecraft:entity.piglin_brute.step
[17:05:28] [main/WARN]: Missing sound for event: minecraft:entity.piglin_brute.converted_to_zombified
[17:05:28] [main/WARN]: Missing sound for event: minecraft:entity.pillager.ambient
[17:05:28] [main/WARN]: Missing sound for event: minecraft:entity.pillager.celebrate
[17:05:28] [main/WARN]: Missing sound for event: minecraft:entity.pillager.death
[17:05:28] [main/WARN]: Missing sound for event: minecraft:entity.pillager.hurt
[17:05:28] [main/WARN]: Missing sound for event: minecraft:block.piston.contract
[17:05:28] [main/WARN]: Missing sound for event: minecraft:block.piston.extend
[17:05:28] [main/WARN]: Missing sound for event: minecraft:entity.player.attack.crit
[17:05:28] [main/WARN]: Missing sound for event: minecraft:entity.player.attack.knockback
[17:05:28] [main/WARN]: Missing sound for event: minecraft:entity.player.attack.nodamage
[17:05:28] [main/WARN]: Missing sound for event: minecraft:entity.player.attack.strong
[17:05:28] [main/WARN]: Missing sound for event: minecraft:entity.player.attack.sweep
[17:05:28] [main/WARN]: Missing sound for event: minecraft:entity.player.attack.weak
[17:05:28] [main/WARN]: Missing sound for event: minecraft:entity.player.big_fall
[17:05:28] [main/WARN]: Missing sound for event: minecraft:entity.player.breath
[17:05:28] [main/WARN]: Missing sound for event: minecraft:entity.player.burp
[17:05:28] [main/WARN]: Missing sound for event: minecraft:entity.player.death
[17:05:28] [main/WARN]: Missing sound for event: minecraft:entity.player.hurt
[17:05:28] [main/WARN]: Missing sound for event: minecraft:entity.player.hurt_drown
[17:05:28] [main/WARN]: Missing sound for event: minecraft:entity.player.hurt_on_fire
[17:05:28] [main/WARN]: Missing sound for event: minecraft:entity.player.hurt_sweet_berry_bush
[17:05:28] [main/WARN]: Missing sound for event: minecraft:entity.player.levelup
[17:05:28] [main/WARN]: Missing sound for event: minecraft:entity.player.small_fall
[17:05:28] [main/WARN]: Missing sound for event: minecraft:entity.player.splash
[17:05:28] [main/WARN]: Missing sound for event: minecraft:entity.player.splash.high_speed
[17:05:28] [main/WARN]: Missing sound for event: minecraft:entity.player.swim
[17:05:28] [main/WARN]: Missing sound for event: minecraft:entity.polar_bear.ambient
[17:05:28] [main/WARN]: Missing sound for event: minecraft:entity.polar_bear.ambient_baby
[17:05:28] [main/WARN]: Missing sound for event: minecraft:entity.polar_bear.death
[17:05:28] [main/WARN]: Missing sound for event: minecraft:entity.polar_bear.hurt
[17:05:28] [main/WARN]: Missing sound for event: minecraft:entity.polar_bear.step
[17:05:28] [main/WARN]: Missing sound for event: minecraft:entity.polar_bear.warning
[17:05:28] [main/WARN]: Missing sound for event: minecraft:block.portal.ambient
[17:05:28] [main/WARN]: Missing sound for event: minecraft:block.portal.travel
[17:05:28] [main/WARN]: Missing sound for event: minecraft:block.portal.trigger
[17:05:28] [main/WARN]: Missing sound for event: minecraft:entity.puffer_fish.ambient
[17:05:28] [main/WARN]: Missing sound for event: minecraft:entity.puffer_fish.blow_out
[17:05:28] [main/WARN]: Missing sound for event: minecraft:entity.puffer_fish.blow_up
[17:05:28] [main/WARN]: Missing sound for event: minecraft:entity.puffer_fish.death
[17:05:28] [main/WARN]: Missing sound for event: minecraft:entity.puffer_fish.flop
[17:05:28] [main/WARN]: Missing sound for event: minecraft:entity.puffer_fish.hurt
[17:05:28] [main/WARN]: Missing sound for event: minecraft:entity.puffer_fish.sting
[17:05:28] [main/WARN]: Missing sound for event: minecraft:block.pumpkin.carve
[17:05:28] [main/WARN]: Missing sound for event: minecraft:entity.rabbit.ambient
[17:05:28] [main/WARN]: Missing sound for event: minecraft:entity.rabbit.attack
[17:05:28] [main/WARN]: Missing sound for event: minecraft:entity.rabbit.death
[17:05:28] [main/WARN]: Missing sound for event: minecraft:entity.rabbit.hurt
[17:05:28] [main/WARN]: Missing sound for event: minecraft:entity.rabbit.jump
[17:05:28] [main/WARN]: Missing sound for event: minecraft:event.raid.horn
[17:05:28] [main/WARN]: Missing sound for event: minecraft:entity.ravager.ambient
[17:05:28] [main/WARN]: Missing sound for event: minecraft:entity.ravager.attack
[17:05:28] [main/WARN]: Missing sound for event: minecraft:entity.ravager.celebrate
[17:05:28] [main/WARN]: Missing sound for event: minecraft:entity.ravager.death
[17:05:28] [main/WARN]: Missing sound for event: minecraft:entity.ravager.hurt
[17:05:28] [main/WARN]: Missing sound for event: minecraft:entity.ravager.step
[17:05:28] [main/WARN]: Missing sound for event: minecraft:entity.ravager.stunned
[17:05:28] [main/WARN]: Missing sound for event: minecraft:entity.ravager.roar
[17:05:28] [main/WARN]: Missing sound for event: minecraft:block.nether_gold_ore.break
[17:05:28] [main/WARN]: Missing sound for event: minecraft:block.nether_gold_ore.fall
[17:05:28] [main/WARN]: Missing sound for event: minecraft:block.nether_gold_ore.hit
[17:05:28] [main/WARN]: Missing sound for event: minecraft:block.nether_gold_ore.place
[17:05:28] [main/WARN]: Missing sound for event: minecraft:block.nether_gold_ore.step
[17:05:28] [main/WARN]: Missing sound for event: minecraft:block.nether_ore.break
[17:05:28] [main/WARN]: Missing sound for event: minecraft:block.nether_ore.fall
[17:05:28] [main/WARN]: Missing sound for event: minecraft:block.nether_ore.hit
[17:05:28] [main/WARN]: Missing sound for event: minecraft:block.nether_ore.place
[17:05:28] [main/WARN]: Missing sound for event: minecraft:block.nether_ore.step
[17:05:28] [main/WARN]: Missing sound for event: minecraft:block.redstone_torch.burnout
[17:05:28] [main/WARN]: Missing sound for event: minecraft:block.respawn_anchor.ambient
[17:05:28] [main/WARN]: Missing sound for event: minecraft:block.respawn_anchor.charge
[17:05:28] [main/WARN]: Missing sound for event: minecraft:block.respawn_anchor.deplete
[17:05:28] [main/WARN]: Missing sound for event: minecraft:block.respawn_anchor.set_spawn
[17:05:28] [main/WARN]: Missing sound for event: minecraft:entity.salmon.ambient
[17:05:28] [main/WARN]: Missing sound for event: minecraft:entity.salmon.death
[17:05:28] [main/WARN]: Missing sound for event: minecraft:entity.salmon.flop
[17:05:28] [main/WARN]: Missing sound for event: minecraft:entity.salmon.hurt
[17:05:28] [main/WARN]: Missing sound for event: minecraft:block.sand.break
[17:05:28] [main/WARN]: Missing sound for event: minecraft:block.sand.fall
[17:05:28] [main/WARN]: Missing sound for event: minecraft:block.sand.hit
[17:05:28] [main/WARN]: Missing sound for event: minecraft:block.sand.place
[17:05:28] [main/WARN]: Missing sound for event: minecraft:block.sand.step
[17:05:28] [main/WARN]: Missing sound for event: minecraft:block.scaffolding.break
[17:05:28] [main/WARN]: Missing sound for event: minecraft:block.scaffolding.fall
[17:05:28] [main/WARN]: Missing sound for event: minecraft:block.scaffolding.hit
[17:05:28] [main/WARN]: Missing sound for event: minecraft:block.scaffolding.place
[17:05:28] [main/WARN]: Missing sound for event: minecraft:block.scaffolding.step
[17:05:28] [main/WARN]: Missing sound for event: minecraft:entity.sheep.ambient
[17:05:28] [main/WARN]: Missing sound for event: minecraft:entity.sheep.death
[17:05:28] [main/WARN]: Missing sound for event: minecraft:entity.sheep.hurt
[17:05:28] [main/WARN]: Missing sound for event: minecraft:entity.sheep.shear
[17:05:28] [main/WARN]: Missing sound for event: minecraft:entity.sheep.step
[17:05:28] [main/WARN]: Missing sound for event: minecraft:item.shield.block
[17:05:28] [main/WARN]: Missing sound for event: minecraft:item.shield.break
[17:05:28] [main/WARN]: Missing sound for event: minecraft:block.shroomlight.break
[17:05:28] [main/WARN]: Missing sound for event: minecraft:block.shroomlight.step
[17:05:28] [main/WARN]: Missing sound for event: minecraft:block.shroomlight.place
[17:05:28] [main/WARN]: Missing sound for event: minecraft:block.shroomlight.hit
[17:05:28] [main/WARN]: Missing sound for event: minecraft:block.shroomlight.fall
[17:05:28] [main/WARN]: Missing sound for event: minecraft:item.shovel.flatten
[17:05:28] [main/WARN]: Missing sound for event: minecraft:entity.shulker.ambient
[17:05:28] [main/WARN]: Missing sound for event: minecraft:block.shulker_box.close
[17:05:28] [main/WARN]: Missing sound for event: minecraft:block.shulker_box.open
[17:05:28] [main/WARN]: Missing sound for event: minecraft:entity.shulker_bullet.hit
[17:05:28] [main/WARN]: Missing sound for event: minecraft:entity.shulker_bullet.hurt
[17:05:28] [main/WARN]: Missing sound for event: minecraft:entity.shulker.close
[17:05:28] [main/WARN]: Missing sound for event: minecraft:entity.shulker.death
[17:05:28] [main/WARN]: Missing sound for event: minecraft:entity.shulker.hurt
[17:05:28] [main/WARN]: Missing sound for event: minecraft:entity.shulker.hurt_closed
[17:05:28] [main/WARN]: Missing sound for event: minecraft:entity.shulker.open
[17:05:28] [main/WARN]: Missing sound for event: minecraft:entity.shulker.shoot
[17:05:28] [main/WARN]: Missing sound for event: minecraft:entity.shulker.teleport
[17:05:28] [main/WARN]: Missing sound for event: minecraft:entity.silverfish.ambient
[17:05:28] [main/WARN]: Missing sound for event: minecraft:entity.silverfish.death
[17:05:28] [main/WARN]: Missing sound for event: minecraft:entity.silverfish.hurt
[17:05:28] [main/WARN]: Missing sound for event: minecraft:entity.silverfish.step
[17:05:28] [main/WARN]: Missing sound for event: minecraft:entity.skeleton.ambient
[17:05:28] [main/WARN]: Missing sound for event: minecraft:entity.skeleton.death
[17:05:28] [main/WARN]: Missing sound for event: minecraft:entity.skeleton_horse.ambient
[17:05:28] [main/WARN]: Missing sound for event: minecraft:entity.skeleton_horse.death
[17:05:28] [main/WARN]: Missing sound for event: minecraft:entity.skeleton_horse.hurt
[17:05:28] [main/WARN]: Missing sound for event: minecraft:entity.skeleton_horse.swim
[17:05:28] [main/WARN]: Missing sound for event: minecraft:entity.skeleton_horse.ambient_water
[17:05:28] [main/WARN]: Missing sound for event: minecraft:entity.skeleton_horse.gallop_water
[17:05:28] [main/WARN]: Missing sound for event: minecraft:entity.skeleton_horse.jump_water
[17:05:28] [main/WARN]: Missing sound for event: minecraft:entity.skeleton_horse.step_water
[17:05:28] [main/WARN]: Missing sound for event: minecraft:entity.skeleton.hurt
[17:05:28] [main/WARN]: Missing sound for event: minecraft:entity.skeleton.shoot
[17:05:28] [main/WARN]: Missing sound for event: minecraft:entity.skeleton.step
[17:05:28] [main/WARN]: Missing sound for event: minecraft:entity.slime.attack
[17:05:28] [main/WARN]: Missing sound for event: minecraft:entity.slime.death
[17:05:28] [main/WARN]: Missing sound for event: minecraft:entity.slime.hurt
[17:05:28] [main/WARN]: Missing sound for event: minecraft:entity.slime.jump
[17:05:28] [main/WARN]: Missing sound for event: minecraft:entity.slime.squish
[17:05:28] [main/WARN]: Missing sound for event: minecraft:block.slime_block.break
[17:05:28] [main/WARN]: Missing sound for event: minecraft:block.slime_block.fall
[17:05:28] [main/WARN]: Missing sound for event: minecraft:block.slime_block.hit
[17:05:28] [main/WARN]: Missing sound for event: minecraft:block.slime_block.place
[17:05:28] [main/WARN]: Missing sound for event: minecraft:block.slime_block.step
[17:05:28] [main/WARN]: Missing sound for event: minecraft:block.soul_sand.break
[17:05:28] [main/WARN]: Missing sound for event: minecraft:block.soul_sand.step
[17:05:28] [main/WARN]: Missing sound for event: minecraft:block.soul_sand.place
[17:05:28] [main/WARN]: Missing sound for event: minecraft:block.soul_sand.hit
[17:05:28] [main/WARN]: Missing sound for event: minecraft:block.soul_sand.fall
[17:05:28] [main/WARN]: Missing sound for event: minecraft:block.soul_soil.break
[17:05:28] [main/WARN]: Missing sound for event: minecraft:block.soul_soil.step
[17:05:28] [main/WARN]: Missing sound for event: minecraft:block.soul_soil.place
[17:05:28] [main/WARN]: Missing sound for event: minecraft:block.soul_soil.hit
[17:05:28] [main/WARN]: Missing sound for event: minecraft:block.soul_soil.fall
[17:05:28] [main/WARN]: Missing sound for event: minecraft:particle.soul_escape
[17:05:28] [main/WARN]: Missing sound for event: minecraft:entity.strider.ambient
[17:05:28] [main/WARN]: Missing sound for event: minecraft:entity.strider.happy
[17:05:28] [main/WARN]: Missing sound for event: minecraft:entity.strider.retreat
[17:05:28] [main/WARN]: Missing sound for event: minecraft:entity.strider.death
[17:05:28] [main/WARN]: Missing sound for event: minecraft:entity.strider.hurt
[17:05:28] [main/WARN]: Missing sound for event: minecraft:entity.strider.step
[17:05:28] [main/WARN]: Missing sound for event: minecraft:entity.strider.step_lava
[17:05:28] [main/WARN]: Missing sound for event: minecraft:entity.strider.eat
[17:05:28] [main/WARN]: Missing sound for event: minecraft:entity.strider.saddle
[17:05:28] [main/WARN]: Missing sound for event: minecraft:entity.slime.death_small
[17:05:28] [main/WARN]: Missing sound for event: minecraft:entity.slime.hurt_small
[17:05:28] [main/WARN]: Missing sound for event: minecraft:entity.slime.jump_small
[17:05:28] [main/WARN]: Missing sound for event: minecraft:entity.slime.squish_small
[17:05:28] [main/WARN]: Missing sound for event: minecraft:block.smithing_table.use
[17:05:28] [main/WARN]: Missing sound for event: minecraft:block.smoker.smoke
[17:05:28] [main/WARN]: Missing sound for event: minecraft:entity.snowball.throw
[17:05:28] [main/WARN]: Missing sound for event: minecraft:block.snow.break
[17:05:28] [main/WARN]: Missing sound for event: minecraft:block.snow.fall
[17:05:28] [main/WARN]: Missing sound for event: minecraft:entity.snow_golem.ambient
[17:05:28] [main/WARN]: Missing sound for event: minecraft:entity.snow_golem.death
[17:05:28] [main/WARN]: Missing sound for event: minecraft:entity.snow_golem.hurt
[17:05:28] [main/WARN]: Missing sound for event: minecraft:entity.snow_golem.shoot
[17:05:28] [main/WARN]: Missing sound for event: minecraft:entity.snow_golem.shear
[17:05:28] [main/WARN]: Missing sound for event: minecraft:block.snow.hit
[17:05:28] [main/WARN]: Missing sound for event: minecraft:block.snow.place
[17:05:28] [main/WARN]: Missing sound for event: minecraft:block.snow.step
[17:05:28] [main/WARN]: Missing sound for event: minecraft:entity.spider.ambient
[17:05:28] [main/WARN]: Missing sound for event: minecraft:entity.spider.death
[17:05:28] [main/WARN]: Missing sound for event: minecraft:entity.spider.hurt
[17:05:28] [main/WARN]: Missing sound for event: minecraft:entity.spider.step
[17:05:28] [main/WARN]: Missing sound for event: minecraft:entity.splash_potion.break
[17:05:28] [main/WARN]: Missing sound for event: minecraft:entity.splash_potion.throw
[17:05:28] [main/WARN]: Missing sound for event: minecraft:entity.squid.ambient
[17:05:28] [main/WARN]: Missing sound for event: minecraft:entity.squid.death
[17:05:28] [main/WARN]: Missing sound for event: minecraft:entity.squid.hurt
[17:05:28] [main/WARN]: Missing sound for event: minecraft:entity.squid.squirt
[17:05:28] [main/WARN]: Missing sound for event: minecraft:block.stone.break
[17:05:28] [main/WARN]: Missing sound for event: minecraft:block.stone_button.click_off
[17:05:28] [main/WARN]: Missing sound for event: minecraft:block.stone_button.click_on
[17:05:28] [main/WARN]: Missing sound for event: minecraft:block.stone.fall
[17:05:28] [main/WARN]: Missing sound for event: minecraft:block.stone.hit
[17:05:28] [main/WARN]: Missing sound for event: minecraft:block.stone.place
[17:05:28] [main/WARN]: Missing sound for event: minecraft:block.stone_pressure_plate.click_off
[17:05:28] [main/WARN]: Missing sound for event: minecraft:block.stone_pressure_plate.click_on
[17:05:28] [main/WARN]: Missing sound for event: minecraft:block.stone.step
[17:05:28] [main/WARN]: Missing sound for event: minecraft:entity.stray.ambient
[17:05:28] [main/WARN]: Missing sound for event: minecraft:entity.stray.death
[17:05:28] [main/WARN]: Missing sound for event: minecraft:entity.stray.hurt
[17:05:28] [main/WARN]: Missing sound for event: minecraft:entity.stray.step
[17:05:28] [main/WARN]: Missing sound for event: minecraft:block.sweet_berry_bush.break
[17:05:28] [main/WARN]: Missing sound for event: minecraft:block.sweet_berry_bush.place
[17:05:28] [main/WARN]: Missing sound for event: minecraft:item.sweet_berries.pick_from_bush
[17:05:28] [main/WARN]: Missing sound for event: minecraft:enchant.thorns.hit
[17:05:28] [main/WARN]: Missing sound for event: minecraft:entity.tnt.primed
[17:05:28] [main/WARN]: Missing sound for event: minecraft:item.totem.use
[17:05:28] [main/WARN]: Missing sound for event: minecraft:item.trident.hit
[17:05:28] [main/WARN]: Missing sound for event: minecraft:item.trident.hit_ground
[17:05:28] [main/WARN]: Missing sound for event: minecraft:item.trident.return
[17:05:28] [main/WARN]: Missing sound for event: minecraft:item.trident.riptide_1
[17:05:28] [main/WARN]: Missing sound for event: minecraft:item.trident.riptide_2
[17:05:28] [main/WARN]: Missing sound for event: minecraft:item.trident.riptide_3
[17:05:28] [main/WARN]: Missing sound for event: minecraft:item.trident.throw
[17:05:28] [main/WARN]: Missing sound for event: minecraft:item.trident.thunder
[17:05:28] [main/WARN]: Missing sound for event: minecraft:block.tripwire.attach
[17:05:28] [main/WARN]: Missing sound for event: minecraft:block.tripwire.click_off
[17:05:28] [main/WARN]: Missing sound for event: minecraft:block.tripwire.click_on
[17:05:28] [main/WARN]: Missing sound for event: minecraft:block.tripwire.detach
[17:05:28] [main/WARN]: Missing sound for event: minecraft:entity.tropical_fish.ambient
[17:05:28] [main/WARN]: Missing sound for event: minecraft:entity.tropical_fish.death
[17:05:28] [main/WARN]: Missing sound for event: minecraft:entity.tropical_fish.flop
[17:05:28] [main/WARN]: Missing sound for event: minecraft:entity.tropical_fish.hurt
[17:05:28] [main/WARN]: Missing sound for event: minecraft:entity.turtle.ambient_land
[17:05:28] [main/WARN]: Missing sound for event: minecraft:entity.turtle.death
[17:05:28] [main/WARN]: Missing sound for event: minecraft:entity.turtle.death_baby
[17:05:28] [main/WARN]: Missing sound for event: minecraft:entity.turtle.egg_break
[17:05:28] [main/WARN]: Missing sound for event: minecraft:entity.turtle.egg_crack
[17:05:28] [main/WARN]: Missing sound for event: minecraft:entity.turtle.egg_hatch
[17:05:28] [main/WARN]: Missing sound for event: minecraft:entity.turtle.hurt
[17:05:28] [main/WARN]: Missing sound for event: minecraft:entity.turtle.hurt_baby
[17:05:28] [main/WARN]: Missing sound for event: minecraft:entity.turtle.lay_egg
[17:05:28] [main/WARN]: Missing sound for event: minecraft:entity.turtle.shamble
[17:05:28] [main/WARN]: Missing sound for event: minecraft:entity.turtle.shamble_baby
[17:05:28] [main/WARN]: Missing sound for event: minecraft:entity.turtle.swim
[17:05:28] [main/WARN]: Missing sound for event: minecraft:ui.button.click
[17:05:28] [main/WARN]: Missing sound for event: minecraft:ui.loom.select_pattern
[17:05:28] [main/WARN]: Missing sound for event: minecraft:ui.loom.take_result
[17:05:28] [main/WARN]: Missing sound for event: minecraft:ui.cartography_table.take_result
[17:05:28] [main/WARN]: Missing sound for event: minecraft:ui.stonecutter.take_result
[17:05:28] [main/WARN]: Missing sound for event: minecraft:ui.stonecutter.select_recipe
[17:05:28] [main/WARN]: Missing sound for event: minecraft:ui.toast.challenge_complete
[17:05:28] [main/WARN]: Missing sound for event: minecraft:ui.toast.in
[17:05:28] [main/WARN]: Missing sound for event: minecraft:ui.toast.out
[17:05:28] [main/WARN]: Missing sound for event: minecraft:entity.vex.ambient
[17:05:28] [main/WARN]: Missing sound for event: minecraft:entity.vex.charge
[17:05:28] [main/WARN]: Missing sound for event: minecraft:entity.vex.death
[17:05:28] [main/WARN]: Missing sound for event: minecraft:entity.vex.hurt
[17:05:28] [main/WARN]: Missing sound for event: minecraft:entity.villager.ambient
[17:05:28] [main/WARN]: Missing sound for event: minecraft:entity.villager.celebrate
[17:05:28] [main/WARN]: Missing sound for event: minecraft:entity.villager.death
[17:05:28] [main/WARN]: Missing sound for event: minecraft:entity.villager.hurt
[17:05:28] [main/WARN]: Missing sound for event: minecraft:entity.villager.no
[17:05:28] [main/WARN]: Missing sound for event: minecraft:entity.villager.trade
[17:05:28] [main/WARN]: Missing sound for event: minecraft:entity.villager.yes
[17:05:28] [main/WARN]: Missing sound for event: minecraft:entity.villager.work_armorer
[17:05:28] [main/WARN]: Missing sound for event: minecraft:entity.villager.work_butcher
[17:05:28] [main/WARN]: Missing sound for event: minecraft:entity.villager.work_cartographer
[17:05:28] [main/WARN]: Missing sound for event: minecraft:entity.villager.work_cleric
[17:05:28] [main/WARN]: Missing sound for event: minecraft:entity.villager.work_farmer
[17:05:28] [main/WARN]: Missing sound for event: minecraft:entity.villager.work_fisherman
[17:05:28] [main/WARN]: Missing sound for event: minecraft:entity.villager.work_fletcher
[17:05:28] [main/WARN]: Missing sound for event: minecraft:entity.villager.work_leatherworker
[17:05:28] [main/WARN]: Missing sound for event: minecraft:entity.villager.work_librarian
[17:05:28] [main/WARN]: Missing sound for event: minecraft:entity.villager.work_mason
[17:05:28] [main/WARN]: Missing sound for event: minecraft:entity.villager.work_shepherd
[17:05:28] [main/WARN]: Missing sound for event: minecraft:entity.villager.work_toolsmith
[17:05:28] [main/WARN]: Missing sound for event: minecraft:entity.villager.work_weaponsmith
[17:05:28] [main/WARN]: Missing sound for event: minecraft:entity.vindicator.ambient
[17:05:28] [main/WARN]: Missing sound for event: minecraft:entity.vindicator.celebrate
[17:05:28] [main/WARN]: Missing sound for event: minecraft:entity.vindicator.death
[17:05:28] [main/WARN]: Missing sound for event: minecraft:entity.vindicator.hurt
[17:05:28] [main/WARN]: Missing sound for event: minecraft:block.vine.step
[17:05:28] [main/WARN]: Missing sound for event: minecraft:block.lily_pad.place
[17:05:28] [main/WARN]: Missing sound for event: minecraft:entity.wandering_trader.ambient
[17:05:28] [main/WARN]: Missing sound for event: minecraft:entity.wandering_trader.death
[17:05:28] [main/WARN]: Missing sound for event: minecraft:entity.wandering_trader.disappeared
[17:05:28] [main/WARN]: Missing sound for event: minecraft:entity.wandering_trader.drink_milk
[17:05:28] [main/WARN]: Missing sound for event: minecraft:entity.wandering_trader.drink_potion
[17:05:28] [main/WARN]: Missing sound for event: minecraft:entity.wandering_trader.hurt
[17:05:28] [main/WARN]: Missing sound for event: minecraft:entity.wandering_trader.no
[17:05:28] [main/WARN]: Missing sound for event: minecraft:entity.wandering_trader.reappeared
[17:05:28] [main/WARN]: Missing sound for event: minecraft:entity.wandering_trader.trade
[17:05:28] [main/WARN]: Missing sound for event: minecraft:entity.wandering_trader.yes
[17:05:28] [main/WARN]: Missing sound for event: minecraft:block.water.ambient
[17:05:28] [main/WARN]: Missing sound for event: minecraft:weather.rain
[17:05:28] [main/WARN]: Missing sound for event: minecraft:weather.rain.above
[17:05:28] [main/WARN]: Missing sound for event: minecraft:block.wet_grass.break
[17:05:28] [main/WARN]: Missing sound for event: minecraft:block.wet_grass.fall
[17:05:28] [main/WARN]: Missing sound for event: minecraft:block.wet_grass.hit
[17:05:28] [main/WARN]: Missing sound for event: minecraft:block.wet_grass.place
[17:05:28] [main/WARN]: Missing sound for event: minecraft:block.wet_grass.step
[17:05:28] [main/WARN]: Missing sound for event: minecraft:entity.witch.ambient
[17:05:28] [main/WARN]: Missing sound for event: minecraft:entity.witch.celebrate
[17:05:28] [main/WARN]: Missing sound for event: minecraft:entity.witch.death
[17:05:28] [main/WARN]: Missing sound for event: minecraft:entity.witch.drink
[17:05:28] [main/WARN]: Missing sound for event: minecraft:entity.witch.hurt
[17:05:28] [main/WARN]: Missing sound for event: minecraft:entity.witch.throw
[17:05:28] [main/WARN]: Missing sound for event: minecraft:entity.wither.ambient
[17:05:28] [main/WARN]: Missing sound for event: minecraft:entity.wither.break_block
[17:05:28] [main/WARN]: Missing sound for event: minecraft:entity.wither.death
[17:05:28] [main/WARN]: Missing sound for event: minecraft:entity.wither.hurt
[17:05:28] [main/WARN]: Missing sound for event: minecraft:entity.wither.shoot
[17:05:28] [main/WARN]: Missing sound for event: minecraft:entity.wither_skeleton.ambient
[17:05:28] [main/WARN]: Missing sound for event: minecraft:entity.wither_skeleton.death
[17:05:28] [main/WARN]: Missing sound for event: minecraft:entity.wither_skeleton.hurt
[17:05:28] [main/WARN]: Missing sound for event: minecraft:entity.wither_skeleton.step
[17:05:28] [main/WARN]: Missing sound for event: minecraft:entity.wither.spawn
[17:05:28] [main/WARN]: Missing sound for event: minecraft:entity.wolf.ambient
[17:05:28] [main/WARN]: Missing sound for event: minecraft:entity.wolf.death
[17:05:28] [main/WARN]: Missing sound for event: minecraft:entity.wolf.growl
[17:05:28] [main/WARN]: Missing sound for event: minecraft:entity.wolf.howl
[17:05:28] [main/WARN]: Missing sound for event: minecraft:entity.wolf.hurt
[17:05:28] [main/WARN]: Missing sound for event: minecraft:entity.wolf.pant
[17:05:28] [main/WARN]: Missing sound for event: minecraft:entity.wolf.shake
[17:05:28] [main/WARN]: Missing sound for event: minecraft:entity.wolf.step
[17:05:28] [main/WARN]: Missing sound for event: minecraft:entity.wolf.whine
[17:05:28] [main/WARN]: Missing sound for event: minecraft:block.wooden_door.close
[17:05:28] [main/WARN]: Missing sound for event: minecraft:block.wooden_door.open
[17:05:28] [main/WARN]: Missing sound for event: minecraft:block.wooden_trapdoor.close
[17:05:28] [main/WARN]: Missing sound for event: minecraft:block.wooden_trapdoor.open
[17:05:28] [main/WARN]: Missing sound for event: minecraft:block.wood.break
[17:05:28] [main/WARN]: Missing sound for event: minecraft:block.wooden_button.click_off
[17:05:28] [main/WARN]: Missing sound for event: minecraft:block.wooden_button.click_on
[17:05:28] [main/WARN]: Missing sound for event: minecraft:block.wood.fall
[17:05:28] [main/WARN]: Missing sound for event: minecraft:block.wood.hit
[17:05:28] [main/WARN]: Missing sound for event: minecraft:block.wood.place
[17:05:28] [main/WARN]: Missing sound for event: minecraft:block.wooden_pressure_plate.click_off
[17:05:28] [main/WARN]: Missing sound for event: minecraft:block.wooden_pressure_plate.click_on
[17:05:28] [main/WARN]: Missing sound for event: minecraft:block.wood.step
[17:05:28] [main/WARN]: Missing sound for event: minecraft:block.wool.break
[17:05:28] [main/WARN]: Missing sound for event: minecraft:block.wool.fall
[17:05:28] [main/WARN]: Missing sound for event: minecraft:block.wool.hit
[17:05:28] [main/WARN]: Missing sound for event: minecraft:block.wool.place
[17:05:28] [main/WARN]: Missing sound for event: minecraft:block.wool.step
[17:05:28] [main/WARN]: Missing sound for event: minecraft:entity.zoglin.ambient
[17:05:28] [main/WARN]: Missing sound for event: minecraft:entity.zoglin.angry
[17:05:28] [main/WARN]: Missing sound for event: minecraft:entity.zoglin.attack
[17:05:28] [main/WARN]: Missing sound for event: minecraft:entity.zoglin.death
[17:05:28] [main/WARN]: Missing sound for event: minecraft:entity.zoglin.hurt
[17:05:28] [main/WARN]: Missing sound for event: minecraft:entity.zoglin.step
[17:05:28] [main/WARN]: Missing sound for event: minecraft:entity.zombie.ambient
[17:05:28] [main/WARN]: Missing sound for event: minecraft:entity.zombie.attack_wooden_door
[17:05:28] [main/WARN]: Missing sound for event: minecraft:entity.zombie.attack_iron_door
[17:05:28] [main/WARN]: Missing sound for event: minecraft:entity.zombie.break_wooden_door
[17:05:28] [main/WARN]: Missing sound for event: minecraft:entity.zombie.converted_to_drowned
[17:05:28] [main/WARN]: Missing sound for event: minecraft:entity.zombie.death
[17:05:28] [main/WARN]: Missing sound for event: minecraft:entity.zombie.destroy_egg
[17:05:28] [main/WARN]: Missing sound for event: minecraft:entity.zombie_horse.ambient
[17:05:28] [main/WARN]: Missing sound for event: minecraft:entity.zombie_horse.death
[17:05:28] [main/WARN]: Missing sound for event: minecraft:entity.zombie_horse.hurt
[17:05:28] [main/WARN]: Missing sound for event: minecraft:entity.zombie.hurt
[17:05:28] [main/WARN]: Missing sound for event: minecraft:entity.zombie.infect
[17:05:28] [main/WARN]: Missing sound for event: minecraft:entity.zombified_piglin.ambient
[17:05:28] [main/WARN]: Missing sound for event: minecraft:entity.zombified_piglin.angry
[17:05:28] [main/WARN]: Missing sound for event: minecraft:entity.zombified_piglin.death
[17:05:28] [main/WARN]: Missing sound for event: minecraft:entity.zombified_piglin.hurt
[17:05:28] [main/WARN]: Missing sound for event: minecraft:entity.zombie.step
[17:05:28] [main/WARN]: Missing sound for event: minecraft:entity.zombie_villager.ambient
[17:05:28] [main/WARN]: Missing sound for event: minecraft:entity.zombie_villager.converted
[17:05:28] [main/WARN]: Missing sound for event: minecraft:entity.zombie_villager.cure
[17:05:28] [main/WARN]: Missing sound for event: minecraft:entity.zombie_villager.death
[17:05:28] [main/WARN]: Missing sound for event: minecraft:entity.zombie_villager.hurt
[17:05:28] [main/WARN]: Missing sound for event: minecraft:entity.zombie_villager.step
[17:05:29] [main/INFO]: OpenAL initialized.
[17:05:29] [main/INFO]: Sound engine started
[17:05:29] [main/INFO]: Created: 1024x512x4 minecraft:textures/atlas/blocks.png-atlas
[17:05:31] [main/INFO]: [OptiFine] Animated sprites: 43
[17:05:31] [main/INFO]: Created: 256x128x4 minecraft:textures/atlas/signs.png-atlas
[17:05:31] [main/INFO]: [OptiFine] Animated sprites: 0
[17:05:31] [main/INFO]: Created: 512x512x4 minecraft:textures/atlas/banner_patterns.png-atlas
[17:05:31] [main/INFO]: [OptiFine] Animated sprites: 0
[17:05:31] [main/INFO]: Created: 512x512x4 minecraft:textures/atlas/shield_patterns.png-atlas
[17:05:31] [main/INFO]: [OptiFine] Animated sprites: 0
[17:05:31] [main/INFO]: Created: 256x256x4 minecraft:textures/atlas/chest.png-atlas
[17:05:31] [main/INFO]: [OptiFine] Animated sprites: 0
[17:05:31] [main/INFO]: Created: 512x256x4 minecraft:textures/atlas/beds.png-atlas
[17:05:31] [main/INFO]: [OptiFine] Animated sprites: 0
[17:05:31] [main/INFO]: Created: 512x256x4 minecraft:textures/atlas/shulker_boxes.png-atlas
[17:05:31] [main/INFO]: [OptiFine] Animated sprites: 0
[17:05:33] [main/INFO]: Created: 256x256x0 minecraft:textures/atlas/particles.png-atlas
[17:05:33] [main/INFO]: [OptiFine] Animated sprites: 0
[17:05:33] [main/INFO]: Created: 256x256x0 minecraft:textures/atlas/paintings.png-atlas
[17:05:33] [main/INFO]: [OptiFine] Animated sprites: 0
[17:05:33] [main/INFO]: Created: 128x128x0 minecraft:textures/atlas/mob_effects.png-atlas
[17:05:33] [main/INFO]: [OptiFine] Animated sprites: 0
[17:05:33] [main/INFO]: [OptiFine] *** Reloading custom textures ***
[17:05:33] [main/INFO]: [OptiFine] Disable Forge light pipeline
[17:07:24] [main/INFO]: Connecting to mc.infinityhvh.com, 25565
[17:07:24] [Server Pinger #0/INFO]: [ViaVersion] Handshake protocol version: 754 (target: 1.16.4-1.16.5 (754))
[17:07:24] [Server Pinger #1/INFO]: [ViaVersion] Handshake protocol version: 754 (target: 1.16.4-1.16.5 (754))
[17:07:24] [Server Pinger #2/INFO]: [ViaVersion] Handshake protocol version: 754 (target: 1.16.4-1.16.5 (754))
[17:07:25] [Server Connector #1/INFO]: [ViaVersion] Handshake protocol version: 754 (target: 1.16.4-1.16.5 (754))
[17:07:29] [main/INFO]: Connecting to mc.infinityhvh.com, 25565
[17:07:29] [Server Connector #2/INFO]: [ViaVersion] Handshake protocol version: 754 (target: 1.16.4-1.16.5 (754))
[17:07:32] [main/INFO]: Connecting to mc.infinityhvh.com, 25565
[17:07:32] [Server Connector #3/INFO]: [ViaVersion] Handshake protocol version: 754 (target: 1.16.4-1.16.5 (754))
[17:07:34] [main/INFO]: Connecting to mc.infinityhvh.com, 25565
[17:07:34] [Server Connector #4/INFO]: [ViaVersion] Handshake protocol version: 754 (target: 1.16.4-1.16.5 (754))
[17:07:38] [main/INFO]: Connecting to mc.infinityhvh.com, 25565
[17:07:38] [Server Connector #5/INFO]: [ViaVersion] Handshake protocol version: 754 (target: 1.16.4-1.16.5 (754))
[17:07:40] [main/INFO]: Connecting to mc.infinityhvh.com, 25565
[17:07:40] [Server Connector #6/INFO]: [ViaVersion] Handshake protocol version: 754 (target: 1.16.4-1.16.5 (754))
[17:07:43] [main/INFO]: Environment: authHost='https://authserver.mojang.com', accountsHost='https://api.mojang.com', sessionHost='https://sessionserver.mojang.com', servicesHost='https://api.minecraftservices.com', name='PROD'
[17:07:43] [main/WARN]: Unknown custom packed identifier: minecraft:register
[17:07:43] [main/WARN]: Unknown custom packed identifier: minecraft:register
[17:07:46] [main/INFO]: Loaded 2 advancements
[17:07:46] [main/INFO]: [CHAT] Сессия сохранена, ввод пароля не требуется.
[17:08:53] [Server Pinger #2/INFO]: [ViaVersion] Handshake protocol version: 754 (target: 1.16.4-1.16.5 (754))
[17:08:53] [Server Pinger #4/INFO]: [ViaVersion] Handshake protocol version: 754 (target: 1.16.4-1.16.5 (754))
[17:08:54] [Server Pinger #0/INFO]: [ViaVersion] Handshake protocol version: 754 (target: 1.16.4-1.16.5 (754))
[17:08:55] [main/INFO]: Stopping!
